控制器,物理CAN,作用域,报文类型,CAN ID,方向,周期,分类,Byte,Bit,信号名,说明
算法PCB,CAN2(编码器链),左臂,传感器数据,0x181,编码器至算法PCB,40ms,编码器/角度原始量,B0-B3,,左臂root_raw,
算法PCB,CAN2(编码器链),左臂,传感器数据,0x182,编码器至算法PCB,40ms,编码器/角度原始量,B0-B3,,左臂base_raw,
算法PCB,CAN2(编码器链),左臂,传感器数据,0x183,编码器至算法PCB,40ms,编码器/角度原始量,B0-B3,,左臂boom_raw,
算法PCB,CAN2(编码器链),左臂,传感器数据,0x184,编码器至算法PCB,40ms,编码器/角度原始量,B0-B3,,左臂d1_raw,
算法PCB,CAN2(编码器链),左臂,传感器数据,0x185,编码器至算法PCB,40ms,编码器/角度原始量,B0-B3,,左臂e1_raw,
算法PCB,CAN2(编码器链),左臂,传感器数据,0x186,编码器至算法PCB,40ms,编码器/角度原始量,B0-B3,,左臂f_raw,
算法PCB,CAN2(编码器链),左臂,传感器数据,0x187,编码器至算法PCB,40ms,编码器/角度原始量,B0-B3,,左臂cd_raw,
算法PCB,CAN2(编码器链),左臂,传感器数据,0x188,编码器至算法PCB,40ms,编码器/角度原始量,B0-B3,,左臂gg1_raw,
算法PCB,CAN2(编码器链),左臂,传感器数据,0x189,编码器至算法PCB,40ms,编码器/角度原始量,B0-B3,,左臂深度,
算法PCB,CAN2(编码器链),中臂,传感器数据,0x192,编码器至算法PCB,40ms,编码器/角度原始量,B0-B3,,中臂base_raw,
算法PCB,CAN2(编码器链),中臂,传感器数据,0x193,编码器至算法PCB,40ms,编码器/角度原始量,B0-B3,,中臂boom_raw,
算法PCB,CAN2(编码器链),中臂,传感器数据,0x194,编码器至算法PCB,40ms,编码器/角度原始量,B0-B3,,中臂d1_raw,
算法PCB,CAN2(编码器链),中臂,传感器数据,0x195,编码器至算法PCB,40ms,编码器/角度原始量,B0-B3,,中臂e1_raw,
算法PCB,CAN2(编码器链),中臂,传感器数据,0x196,编码器至算法PCB,40ms,编码器/角度原始量,B0-B3,,中臂f_raw,
算法PCB,CAN2(编码器链),中臂,传感器数据,0x197,编码器至算法PCB,40ms,编码器/角度原始量,B0-B3,,中臂cd_raw,
算法PCB,CAN2(编码器链),中臂,传感器数据,0x198,编码器至算法PCB,40ms,编码器/角度原始量,B0-B3,,中臂gg1_raw,
算法PCB,CAN2(编码器链),中臂,传感器数据,0x199,编码器至算法PCB,40ms,编码器/角度原始量,B0-B3,,中臂深度,
算法PCB,CAN2(编码器链),右臂,传感器数据,0x1A1,编码器至算法PCB,40ms,编码器/角度原始量,B0-B3,,右臂root_raw,
算法PCB,CAN2(编码器链),右臂,传感器数据,0x1A2,编码器至算法PCB,40ms,编码器/角度原始量,B0-B3,,右臂base_raw,
算法PCB,CAN2(编码器链),右臂,传感器数据,0x1A3,编码器至算法PCB,40ms,编码器/角度原始量,B0-B3,,右臂boom_raw,
算法PCB,CAN2(编码器链),右臂,传感器数据,0x1A4,编码器至算法PCB,40ms,编码器/角度原始量,B0-B3,,右臂d1_raw,
算法PCB,CAN2(编码器链),右臂,传感器数据,0x1A5,编码器至算法PCB,40ms,编码器/角度原始量,B0-B3,,右臂e1_raw,
算法PCB,CAN2(编码器链),右臂,传感器数据,0x1A6,编码器至算法PCB,40ms,编码器/角度原始量,B0-B3,,右臂f_raw,
算法PCB,CAN2(编码器链),右臂,传感器数据,0x1A7,编码器至算法PCB,40ms,编码器/角度原始量,B0-B3,,右臂cd_raw,
算法PCB,CAN2(编码器链),右臂,传感器数据,0x1A8,编码器至算法PCB,40ms,编码器/角度原始量,B0-B3,,右臂gg1_raw,
算法PCB,CAN2(编码器链),右臂,传感器数据,0x1A9,编码器至算法PCB,40ms,编码器/角度原始量,B0-B3,,右臂深度,
算法PCB,CAN1(编码器链),共享姿态,传感器数据,0x28F,编码器至算法PCB,40ms,车体姿态,B0-B3,,body_roll/body_pitch,
算法PCB,CAN1(算法PCB链),共享姿态,算法数据,0x150,发送至电脑,50ms,末端点坐标,B0-B3,,末端点坐标x,
算法PCB,CAN1(算法PCB链),共享姿态,算法数据,0x150,发送至电脑,50ms,末端点坐标,B4-B7,,末端点坐标y,
算法PCB,CAN1(算法PCB链),共享姿态,算法数据,0x151,发送至电脑,50ms,末端点坐标,B0-B3,,末端点坐标z,
算法PCB,CAN1(算法PCB链),共享姿态,算法数据,0x152,发送至电脑,80ms,夹角坐标,B0-B3,,推进梁和XZ面夹角,
算法PCB,CAN1(算法PCB链),共享姿态,算法数据,0x152,发送至电脑,80ms,夹角坐标,B4-B7,,推进梁和XY面夹角,
算法PCB,CAN1(算法PCB链),左臂,传感器数据,0x153,发送至电脑、整车控制器PCB,50ms,钻孔深度,B0-B1,,左臂实时凿岩深度,
算法PCB,CAN1(算法PCB链),中臂,传感器数据,0x153,发送至电脑、整车控制器PCB,50ms,钻孔深度,B2-B3,,中臂实时凿岩深度,
算法PCB,CAN1(算法PCB链),右臂,传感器数据,0x153,发送至电脑、整车控制器PCB,50ms,钻孔深度,B4-B5,,右臂实时凿岩深度,
算法PCB,CAN1(算法PCB链),左臂,算法数据,0x153,发送至整车控制PCB,50ms,,B6,b0,左臂自评行摆上,
算法PCB,CAN1(算法PCB链),左臂,算法数据,0x153,发送至整车控制PCB,50ms,,B6,b1,左臂自评行摆下,
算法PCB,CAN1(算法PCB链),左臂,算法数据,0x153,发送至整车控制PCB,50ms,,B6,b2,左臂自评行摆左,
算法PCB,CAN1(算法PCB链),左臂,算法数据,0x153,发送至整车控制PCB,50ms,,B6,b3,左臂自评行摆右,
算法PCB,CAN1(算法PCB链),中臂,算法数据,0x153,发送至整车控制PCB,50ms,,B6,b4,中臂自评行摆上,
算法PCB,CAN1(算法PCB链),中臂,算法数据,0x153,发送至整车控制PCB,50ms,,B6,b5,中臂自评行摆下,
算法PCB,CAN1(算法PCB链),中臂,算法数据,0x153,发送至整车控制PCB,50ms,,B6,b6,中臂自评行摆左,
算法PCB,CAN1(算法PCB链),中臂,算法数据,0x153,发送至整车控制PCB,50ms,,B6,b7,中臂自评行摆右,
算法PCB,CAN1(算法PCB链),右臂,算法数据,0x153,发送至整车控制PCB,50ms,,B7,b0,右臂自评行摆上,
算法PCB,CAN1(算法PCB链),右臂,算法数据,0x153,发送至整车控制PCB,50ms,,B7,b1,右臂自评行摆下,
算法PCB,CAN1(算法PCB链),右臂,算法数据,0x153,发送至整车控制PCB,50ms,,B7,b2,右臂自评行摆左,
算法PCB,CAN1(算法PCB链),右臂,算法数据,0x153,发送至整车控制PCB,50ms,,B7,b3,右臂自评行摆右,
算法PCB,CAN1(算法PCB链),左臂,传感器数据,0x154,发送至电脑,150ms,编码器实际角度*100,B0-B1,,左臂root_raw,
算法PCB,CAN1(算法PCB链),左臂,传感器数据,0x154,发送至电脑,150ms,编码器实际角度*100,B2-B3,,左臂base_raw,
算法PCB,CAN1(算法PCB链),左臂,传感器数据,0x154,发送至电脑,150ms,编码器实际角度*100,B4-B5,,左臂boom_raw,
算法PCB,CAN1(算法PCB链),左臂,传感器数据,0x154,发送至电脑,150ms,编码器实际角度*100,B6-B7,,左臂d1_raw,
算法PCB,CAN1(算法PCB链),左臂,传感器数据,0x155,发送至电脑,150ms,编码器实际角度*100,B0-B1,,左臂e1_raw,
算法PCB,CAN1(算法PCB链),左臂,传感器数据,0x155,发送至电脑,150ms,编码器实际角度*100,B2-B3,,左臂f_raw,
算法PCB,CAN1(算法PCB链),左臂,传感器数据,0x155,发送至电脑,150ms,编码器实际角度*100,B4-B5,,左臂cd_raw,
算法PCB,CAN1(算法PCB链),左臂,传感器数据,0x155,发送至电脑,150ms,编码器实际角度*100,B6-B7,,左臂gg1_raw,
算法PCB,CAN1(算法PCB链),中臂,传感器数据,0x156,发送至电脑,150ms,编码器实际角度*100,B0-B1,,中臂base_raw,
算法PCB,CAN1(算法PCB链),中臂,传感器数据,0x156,发送至电脑,150ms,编码器实际角度*100,B2-B3,,中臂boom_raw,
算法PCB,CAN1(算法PCB链),中臂,传感器数据,0x156,发送至电脑,150ms,编码器实际角度*100,B4-B5,,中臂d1_raw,
算法PCB,CAN1(算法PCB链),中臂,传感器数据,0x156,发送至电脑,150ms,编码器实际角度*100,B6-B7,,中臂e1_raw,
算法PCB,CAN1(算法PCB链),中臂,传感器数据,0x157,发送至电脑,150ms,编码器实际角度*100,B0-B1,,中臂f_raw,
算法PCB,CAN1(算法PCB链),中臂,传感器数据,0x157,发送至电脑,150ms,编码器实际角度*100,B2-B3,,中臂cd_raw,
算法PCB,CAN1(算法PCB链),中臂,传感器数据,0x157,发送至电脑,150ms,编码器实际角度*100,B4-B5,,中臂gg1_raw,
算法PCB,CAN1(算法PCB链),右臂,传感器数据,0x157,发送至电脑,150ms,编码器实际角度*100,B6-B7,,右臂root_raw,
算法PCB,CAN1(算法PCB链),右臂,传感器数据,0x158,发送至电脑,150ms,编码器实际角度*100,B0-B1,,右臂base_raw,
算法PCB,CAN1(算法PCB链),右臂,传感器数据,0x158,发送至电脑,150ms,编码器实际角度*100,B2-B3,,右臂boom_raw,
算法PCB,CAN1(算法PCB链),右臂,传感器数据,0x158,发送至电脑,150ms,编码器实际角度*100,B4-B5,,右臂d1_raw,
算法PCB,CAN1(算法PCB链),右臂,传感器数据,0x158,发送至电脑,150ms,编码器实际角度*100,B6-B7,,右臂e1_raw,
算法PCB,CAN1(算法PCB链),右臂,传感器数据,0x159,发送至电脑,50ms,编码器实际角度*100,B0-B1,,右臂f_raw,
算法PCB,CAN1(算法PCB链),右臂,传感器数据,0x159,发送至电脑,50ms,编码器实际角度*100,B2-B3,,右臂cd_raw,
算法PCB,CAN1(算法PCB链),右臂,传感器数据,0x159,发送至电脑,50ms,编码器实际角度*100,B4-B5,,右臂gg1_raw,
算法PCB,CAN1(算法PCB链),整机共享,整机共享,0x15A,发送至电脑,500ms,实时状态,B0,b0,左臂root_raw编码器掉线,
算法PCB,CAN1(算法PCB链),整机共享,整机共享,0x15A,发送至电脑,500ms,实时状态,B0,b1,左臂base_raw编码器掉线,
算法PCB,CAN1(算法PCB链),整机共享,整机共享,0x15A,发送至电脑,500ms,实时状态,B0,b2,左臂boom_raw编码器掉线,
算法PCB,CAN1(算法PCB链),整机共享,整机共享,0x15A,发送至电脑,500ms,实时状态,B0,b3,左臂d1_raw编码器掉线,
算法PCB,CAN1(算法PCB链),整机共享,整机共享,0x15A,发送至电脑,500ms,实时状态,B0,b4,左臂e1_raw编码器掉线,
算法PCB,CAN1(算法PCB链),整机共享,整机共享,0x15A,发送至电脑,500ms,实时状态,B0,b5,左臂f_raw编码器掉线,
算法PCB,CAN1(算法PCB链),整机共享,整机共享,0x15A,发送至电脑,500ms,实时状态,B0,b6,左臂cd_raw编码器掉线,
算法PCB,CAN1(算法PCB链),整机共享,整机共享,0x15A,发送至电脑,500ms,实时状态,B0,b7,左臂gg1_raw编码器掉线,
算法PCB,CAN1(算法PCB链),整机共享,整机共享,0x15A,发送至电脑,500ms,实时状态,B1,b0,左臂深度编码器掉线,
算法PCB,CAN1(算法PCB链),整机共享,整机共享,0x15A,发送至电脑,500ms,实时状态,B1,b1,中臂base_raw编码器掉线,
算法PCB,CAN1(算法PCB链),整机共享,整机共享,0x15A,发送至电脑,500ms,实时状态,B1,b2,中臂boom_raw编码器掉线,
算法PCB,CAN1(算法PCB链),整机共享,整机共享,0x15A,发送至电脑,500ms,实时状态,B1,b3,中臂d1_raw编码器掉线,
算法PCB,CAN1(算法PCB链),整机共享,整机共享,0x15A,发送至电脑,500ms,实时状态,B1,b4,中臂e1_raw编码器掉线,
算法PCB,CAN1(算法PCB链),整机共享,整机共享,0x15A,发送至电脑,500ms,实时状态,B1,b5,中臂f_raw编码器掉线,
算法PCB,CAN1(算法PCB链),整机共享,整机共享,0x15A,发送至电脑,500ms,实时状态,B1,b6,中臂cd_raw编码器掉线,
算法PCB,CAN1(算法PCB链),整机共享,整机共享,0x15A,发送至电脑,500ms,实时状态,B1,b7,中臂gg1_raw编码器掉线,
算法PCB,CAN1(算法PCB链),整机共享,整机共享,0x15A,发送至电脑,500ms,实时状态,B2,b0,中臂深度编码器掉线,
算法PCB,CAN1(算法PCB链),整机共享,整机共享,0x15A,发送至电脑,500ms,实时状态,B2,b1,右臂root_raw编码器掉线,
算法PCB,CAN1(算法PCB链),整机共享,整机共享,0x15A,发送至电脑,500ms,实时状态,B2,b2,右臂base_raw编码器掉线,
算法PCB,CAN1(算法PCB链),整机共享,整机共享,0x15A,发送至电脑,500ms,实时状态,B2,b3,右臂boom_raw编码器掉线,
算法PCB,CAN1(算法PCB链),整机共享,整机共享,0x15A,发送至电脑,500ms,实时状态,B2,b4,右臂d1_raw编码器掉线,
算法PCB,CAN1(算法PCB链),整机共享,整机共享,0x15A,发送至电脑,500ms,实时状态,B2,b5,右臂e1_raw编码器掉线,
算法PCB,CAN1(算法PCB链),整机共享,整机共享,0x15A,发送至电脑,500ms,实时状态,B2,b6,右臂f_raw编码器掉线,
算法PCB,CAN1(算法PCB链),整机共享,整机共享,0x15A,发送至电脑,500ms,实时状态,B2,b7,右臂cd_raw编码器掉线,
算法PCB,CAN1(算法PCB链),整机共享,整机共享,0x15A,发送至电脑,500ms,实时状态,B3,b0,右臂gg1_raw编码器掉线,
算法PCB,CAN1(算法PCB链),整机共享,整机共享,0x15A,发送至电脑,500ms,实时状态,B3,b1,右臂深度编码器掉线,
算法PCB,CAN1(算法PCB链),整机共享,整机共享,0x15A,发送至电脑,500ms,实时状态,B3,b2,算法PCB掉线,
算法PCB,CAN1(算法PCB链),整机共享,整机共享,0x15A,发送至电脑,500ms,实时状态,B3,b3,倾角传感器掉线,
算法PCB,CAN1(算法PCB链),算法结果发送,固定发送,0x15B~0x160,发送至整车控制PCB,100ms,全电脑算法结果臂架动作,,,,ID范围已确认，字段待后续补充
电脑,CAN1(电脑链),左臂,传感器数据,0x50,发送至算法PCB,逐帧发送,标零,B0,b0,左臂root_raw,
电脑,CAN1(电脑链),左臂,传感器数据,0x50,发送至算法PCB,逐帧发送,标零,B0,b1,左臂base_raw,
电脑,CAN1(电脑链),左臂,传感器数据,0x50,发送至算法PCB,逐帧发送,标零,B0,b2,左臂boom_raw,
电脑,CAN1(电脑链),左臂,传感器数据,0x50,发送至算法PCB,逐帧发送,标零,B0,b3,左臂d1_raw,
电脑,CAN1(电脑链),左臂,传感器数据,0x50,发送至算法PCB,逐帧发送,标零,B0,b4,左臂e1_raw,
电脑,CAN1(电脑链),左臂,传感器数据,0x50,发送至算法PCB,逐帧发送,标零,B0,b5,左臂f_raw,
电脑,CAN1(电脑链),左臂,传感器数据,0x50,发送至算法PCB,逐帧发送,标零,B0,b6,左臂cd_raw,
电脑,CAN1(电脑链),左臂,传感器数据,0x50,发送至算法PCB,逐帧发送,标零,B0,b7,左臂gg1_raw,
电脑,CAN1(电脑链),左臂,传感器数据,0x50,发送至算法PCB,逐帧发送,标零,B1,b0,左臂深度,
电脑,CAN1(电脑链),中臂,传感器数据,0x50,发送至算法PCB,逐帧发送,标零,B1,b1,中臂base_raw,
电脑,CAN1(电脑链),中臂,传感器数据,0x50,发送至算法PCB,逐帧发送,标零,B1,b2,中臂boom_raw,
电脑,CAN1(电脑链),中臂,传感器数据,0x50,发送至算法PCB,逐帧发送,标零,B1,b3,中臂d1_raw,
电脑,CAN1(电脑链),中臂,传感器数据,0x50,发送至算法PCB,逐帧发送,标零,B1,b4,中臂e1_raw,
电脑,CAN1(电脑链),中臂,传感器数据,0x50,发送至算法PCB,逐帧发送,标零,B1,b5,中臂f_raw,
电脑,CAN1(电脑链),中臂,传感器数据,0x50,发送至算法PCB,逐帧发送,标零,B1,b6,中臂cd_raw,
电脑,CAN1(电脑链),中臂,传感器数据,0x50,发送至算法PCB,逐帧发送,标零,B1,b7,中臂gg1_raw,
电脑,CAN1(电脑链),中臂,传感器数据,0x50,发送至算法PCB,逐帧发送,标零,B2,b0,中臂深度,
电脑,CAN1(电脑链),右臂,传感器数据,0x50,发送至算法PCB,逐帧发送,标零,B2,b1,右臂root_raw,
电脑,CAN1(电脑链),右臂,传感器数据,0x50,发送至算法PCB,逐帧发送,标零,B2,b2,右臂base_raw,
电脑,CAN1(电脑链),右臂,传感器数据,0x50,发送至算法PCB,逐帧发送,标零,B2,b3,右臂boom_raw,
电脑,CAN1(电脑链),右臂,传感器数据,0x50,发送至算法PCB,逐帧发送,标零,B2,b4,右臂d1_raw,
电脑,CAN1(电脑链),右臂,传感器数据,0x50,发送至算法PCB,逐帧发送,标零,B2,b5,右臂e1_raw,
电脑,CAN1(电脑链),右臂,传感器数据,0x50,发送至算法PCB,逐帧发送,标零,B2,b6,右臂f_raw,
电脑,CAN1(电脑链),右臂,传感器数据,0x50,发送至算法PCB,逐帧发送,标零,B2,b7,右臂cd_raw,
电脑,CAN1(电脑链),右臂,传感器数据,0x50,发送至算法PCB,逐帧发送,标零,B3,b0,右臂gg1_raw,
电脑,CAN1(电脑链),右臂,传感器数据,0x50,发送至算法PCB,逐帧发送,标零,B3,b1,倾角x,
电脑,CAN1(电脑链),倾角,传感器数据,0x50,发送至算法PCB,逐帧发送,标零,B3,b2,倾角y,
左操作台数据,CAN1(左操作台链),左操作台-左按键板,按键板数据,0x18FF90E3,发送至CAN1,100ms,按键板输入,B0,b0-b1,按键1,2bit 按键状态
左操作台数据,CAN1(左操作台链),左操作台-左按键板,按键板数据,0x18FF90E3,发送至CAN1,100ms,按键板输入,B0,b2-b3,按键2,2bit 按键状态
左操作台数据,CAN1(左操作台链),左操作台-左按键板,按键板数据,0x18FF90E3,发送至CAN1,100ms,按键板输入,B0,b4-b5,按键3,2bit 按键状态
左操作台数据,CAN1(左操作台链),左操作台-左按键板,按键板数据,0x18FF90E3,发送至CAN1,100ms,按键板输入,B0,b6-b7,按键4,2bit 按键状态
左操作台数据,CAN1(左操作台链),左操作台-左按键板,按键板数据,0x18FF90E3,发送至CAN1,100ms,按键板输入,B1,b0-b1,按键5,2bit 按键状态
左操作台数据,CAN1(左操作台链),左操作台-左按键板,按键板数据,0x18FF90E3,发送至CAN1,100ms,按键板输入,B1,b2-b3,按键6,2bit 按键状态
左操作台数据,CAN1(左操作台链),左操作台-左按键板,按键板数据,0x18FF90E3,发送至CAN1,100ms,按键板输入,B1,b4-b5,按键7,2bit 按键状态
左操作台数据,CAN1(左操作台链),左操作台-左按键板,按键板数据,0x18FF90E3,发送至CAN1,100ms,按键板输入,B1,b6-b7,按键8,2bit 按键状态
左操作台数据,CAN1(左操作台链),左操作台-左按键板,按键板数据,0x18FF90E3,发送至CAN1,100ms,按键板输入,B2,b0-b1,按键9,2bit 按键状态
左操作台数据,CAN1(左操作台链),左操作台-左按键板,按键板数据,0x18FF90E3,发送至CAN1,100ms,按键板输入,B2,b2-b3,按键10,2bit 按键状态
左操作台数据,CAN1(左操作台链),左操作台-左按键板,按键板数据,0x18FF90E3,发送至CAN1,100ms,按键板输入,B2,b4-b5,按键11,2bit 按键状态
左操作台数据,CAN1(左操作台链),左操作台-左按键板,按键板数据,0x18FF90E3,发送至CAN1,100ms,按键板输入,B2,b6-b7,按键12,2bit 按键状态
左操作台数据,CAN1(左操作台链),左操作台-左按键板,按键板数据,0x18FF90E3,发送至CAN1,100ms,按键板输入,B3,b0-b1,按键13,2bit 按键状态
左操作台数据,CAN1(左操作台链),左操作台-左按键板,按键板数据,0x18FF90E3,发送至CAN1,100ms,按键板输入,B3,b2-b3,按键14,2bit 按键状态
左操作台数据,CAN1(左操作台链),左操作台-左按键板,按键板数据,0x18FF90E3,发送至CAN1,100ms,按键板输入,B3,b4-b5,按键15,2bit 按键状态
左操作台数据,CAN1(左操作台链),左操作台-左按键板,按键板数据,0x18FF90E3,发送至CAN1,100ms,按键板输入,B3,b6-b7,按键16,2bit 按键状态
左操作台数据,CAN1(左操作台链),左操作台-右按键板,按键板数据,0x18FF90E4,发送至CAN1,100ms,按键板输入,B0,b0-b1,按键1,2bit 按键状态
左操作台数据,CAN1(左操作台链),左操作台-右按键板,按键板数据,0x18FF90E4,发送至CAN1,100ms,按键板输入,B0,b2-b3,按键2,2bit 按键状态
左操作台数据,CAN1(左操作台链),左操作台-右按键板,按键板数据,0x18FF90E4,发送至CAN1,100ms,按键板输入,B0,b4-b5,按键3,2bit 按键状态
左操作台数据,CAN1(左操作台链),左操作台-右按键板,按键板数据,0x18FF90E4,发送至CAN1,100ms,按键板输入,B0,b6-b7,按键4,2bit 按键状态
左操作台数据,CAN1(左操作台链),左操作台-右按键板,按键板数据,0x18FF90E4,发送至CAN1,100ms,按键板输入,B1,b0-b1,按键5,2bit 按键状态
左操作台数据,CAN1(左操作台链),左操作台-右按键板,按键板数据,0x18FF90E4,发送至CAN1,100ms,按键板输入,B1,b2-b3,按键6,2bit 按键状态
左操作台数据,CAN1(左操作台链),左操作台-右按键板,按键板数据,0x18FF90E4,发送至CAN1,100ms,按键板输入,B1,b4-b5,按键7,2bit 按键状态
左操作台数据,CAN1(左操作台链),左操作台-右按键板,按键板数据,0x18FF90E4,发送至CAN1,100ms,按键板输入,B1,b6-b7,按键8,2bit 按键状态
左操作台数据,CAN1(左操作台链),左操作台-右按键板,按键板数据,0x18FF90E4,发送至CAN1,100ms,按键板输入,B2,b0-b1,按键9,2bit 按键状态
左操作台数据,CAN1(左操作台链),左操作台-右按键板,按键板数据,0x18FF90E4,发送至CAN1,100ms,按键板输入,B2,b2-b3,按键10,2bit 按键状态
左操作台数据,CAN1(左操作台链),左操作台-右按键板,按键板数据,0x18FF90E4,发送至CAN1,100ms,按键板输入,B2,b4-b5,按键11,2bit 按键状态
左操作台数据,CAN1(左操作台链),左操作台-右按键板,按键板数据,0x18FF90E4,发送至CAN1,100ms,按键板输入,B2,b6-b7,按键12,2bit 按键状态
左操作台数据,CAN1(左操作台链),左操作台-右按键板,按键板数据,0x18FF90E4,发送至CAN1,100ms,按键板输入,B3,b0-b1,按键13,2bit 按键状态
左操作台数据,CAN1(左操作台链),左操作台-右按键板,按键板数据,0x18FF90E4,发送至CAN1,100ms,按键板输入,B3,b2-b3,按键14,2bit 按键状态
左操作台数据,CAN1(左操作台链),左操作台-右按键板,按键板数据,0x18FF90E4,发送至CAN1,100ms,按键板输入,B3,b4-b5,按键15,2bit 按键状态
左操作台数据,CAN1(左操作台链),左操作台-右按键板,按键板数据,0x18FF90E4,发送至CAN1,100ms,按键板输入,B3,b6-b7,按键16,2bit 按键状态
左操作台数据,CAN1(左操作台链),左操作台-左手柄,手柄按键数据,0x1C0,发送至CAN1,50ms,左手柄按键,B0,b0,PB1,
左操作台数据,CAN1(左操作台链),左操作台-左手柄,手柄按键数据,0x1C0,发送至CAN1,50ms,左手柄按键,B0,b1,PB2,
左操作台数据,CAN1(左操作台链),左操作台-左手柄,手柄按键数据,0x1C0,发送至CAN1,50ms,左手柄按键,B0,b2,PB3,
左操作台数据,CAN1(左操作台链),左操作台-左手柄,手柄按键数据,0x1C0,发送至CAN1,50ms,左手柄按键,B0,b3,PB4,
左操作台数据,CAN1(左操作台链),左操作台-左手柄,手柄数据,0x2C0,发送至CAN1,50ms,左手柄坐标,B0-B1,,X,16bit
左操作台数据,CAN1(左操作台链),左操作台-左手柄,手柄数据,0x2C0,发送至CAN1,50ms,左手柄坐标,B2-B3,,Y,16bit
左操作台数据,CAN1(左操作台链),左操作台-左手柄,手柄数据,0x2C0,发送至CAN1,50ms,左手柄坐标,B4-B5,,Z,16bit
左操作台数据,CAN1(左操作台链),左操作台-右手柄,手柄按键数据,0x1C2,发送至CAN1,50ms,右手柄按键,B0,b0,PB1,
左操作台数据,CAN1(左操作台链),左操作台-右手柄,手柄按键数据,0x1C2,发送至CAN1,50ms,右手柄按键,B0,b1,PB2,
左操作台数据,CAN1(左操作台链),左操作台-右手柄,手柄按键数据,0x1C2,发送至CAN1,50ms,右手柄按键,B0,b2,PB3,
左操作台数据,CAN1(左操作台链),左操作台-右手柄,手柄按键数据,0x1C2,发送至CAN1,50ms,右手柄按键,B0,b3,PB4,
左操作台数据,CAN1(左操作台链),左操作台-右手柄,手柄数据,0x2C2,发送至CAN1,50ms,右手柄坐标,B0-B1,,X,16bit
左操作台数据,CAN1(左操作台链),左操作台-右手柄,手柄数据,0x2C2,发送至CAN1,50ms,右手柄坐标,B2-B3,,Y,16bit
左操作台数据,CAN1(左操作台链),左操作台-右手柄,手柄数据,0x2C2,发送至CAN1,50ms,右手柄坐标,B4-B5,,Z,16bit
右操作台数据,CAN2(右操作台链),右操作台-左按键板,按键板数据,0x18FF90E3,发送至整车控制PCB,100ms,按键板输入,B0,b0-b1,按键1,2bit 按键状态
右操作台数据,CAN2(右操作台链),右操作台-左按键板,按键板数据,0x18FF90E3,发送至整车控制PCB,100ms,按键板输入,B0,b2-b3,按键2,2bit 按键状态
右操作台数据,CAN2(右操作台链),右操作台-左按键板,按键板数据,0x18FF90E3,发送至整车控制PCB,100ms,按键板输入,B0,b4-b5,按键3,2bit 按键状态
右操作台数据,CAN2(右操作台链),右操作台-左按键板,按键板数据,0x18FF90E3,发送至整车控制PCB,100ms,按键板输入,B0,b6-b7,按键4,2bit 按键状态
右操作台数据,CAN2(右操作台链),右操作台-左按键板,按键板数据,0x18FF90E3,发送至整车控制PCB,100ms,按键板输入,B1,b0-b1,按键5,2bit 按键状态
右操作台数据,CAN2(右操作台链),右操作台-左按键板,按键板数据,0x18FF90E3,发送至整车控制PCB,100ms,按键板输入,B1,b2-b3,按键6,2bit 按键状态
右操作台数据,CAN2(右操作台链),右操作台-左按键板,按键板数据,0x18FF90E3,发送至整车控制PCB,100ms,按键板输入,B1,b4-b5,按键7,2bit 按键状态
右操作台数据,CAN2(右操作台链),右操作台-左按键板,按键板数据,0x18FF90E3,发送至整车控制PCB,100ms,按键板输入,B1,b6-b7,按键8,2bit 按键状态
右操作台数据,CAN2(右操作台链),右操作台-左按键板,按键板数据,0x18FF90E3,发送至整车控制PCB,100ms,按键板输入,B2,b0-b1,按键9,2bit 按键状态
右操作台数据,CAN2(右操作台链),右操作台-左按键板,按键板数据,0x18FF90E3,发送至整车控制PCB,100ms,按键板输入,B2,b2-b3,按键10,2bit 按键状态
右操作台数据,CAN2(右操作台链),右操作台-左按键板,按键板数据,0x18FF90E3,发送至整车控制PCB,100ms,按键板输入,B2,b4-b5,按键11,2bit 按键状态
右操作台数据,CAN2(右操作台链),右操作台-左按键板,按键板数据,0x18FF90E3,发送至整车控制PCB,100ms,按键板输入,B2,b6-b7,按键12,2bit 按键状态
右操作台数据,CAN2(右操作台链),右操作台-左按键板,按键板数据,0x18FF90E3,发送至整车控制PCB,100ms,按键板输入,B3,b0-b1,按键13,2bit 按键状态
右操作台数据,CAN2(右操作台链),右操作台-左按键板,按键板数据,0x18FF90E3,发送至整车控制PCB,100ms,按键板输入,B3,b2-b3,按键14,2bit 按键状态
右操作台数据,CAN2(右操作台链),右操作台-左按键板,按键板数据,0x18FF90E3,发送至整车控制PCB,100ms,按键板输入,B3,b4-b5,按键15,2bit 按键状态
右操作台数据,CAN2(右操作台链),右操作台-左按键板,按键板数据,0x18FF90E3,发送至整车控制PCB,100ms,按键板输入,B3,b6-b7,按键16,2bit 按键状态
右操作台数据,CAN2(右操作台链),右操作台-右按键板,按键板数据,0x18FF90E4,发送至整车控制PCB,100ms,按键板输入,B0,b0-b1,按键1,2bit 按键状态
右操作台数据,CAN2(右操作台链),右操作台-右按键板,按键板数据,0x18FF90E4,发送至整车控制PCB,100ms,按键板输入,B0,b2-b3,按键2,2bit 按键状态
右操作台数据,CAN2(右操作台链),右操作台-右按键板,按键板数据,0x18FF90E4,发送至整车控制PCB,100ms,按键板输入,B0,b4-b5,按键3,2bit 按键状态
右操作台数据,CAN2(右操作台链),右操作台-右按键板,按键板数据,0x18FF90E4,发送至整车控制PCB,100ms,按键板输入,B0,b6-b7,按键4,2bit 按键状态
右操作台数据,CAN2(右操作台链),右操作台-右按键板,按键板数据,0x18FF90E4,发送至整车控制PCB,100ms,按键板输入,B1,b0-b1,按键5,2bit 按键状态
右操作台数据,CAN2(右操作台链),右操作台-右按键板,按键板数据,0x18FF90E4,发送至整车控制PCB,100ms,按键板输入,B1,b2-b3,按键6,2bit 按键状态
右操作台数据,CAN2(右操作台链),右操作台-右按键板,按键板数据,0x18FF90E4,发送至整车控制PCB,100ms,按键板输入,B1,b4-b5,按键7,2bit 按键状态
右操作台数据,CAN2(右操作台链),右操作台-右按键板,按键板数据,0x18FF90E4,发送至整车控制PCB,100ms,按键板输入,B1,b6-b7,按键8,2bit 按键状态
右操作台数据,CAN2(右操作台链),右操作台-右按键板,按键板数据,0x18FF90E4,发送至整车控制PCB,100ms,按键板输入,B2,b0-b1,按键9,2bit 按键状态
右操作台数据,CAN2(右操作台链),右操作台-右按键板,按键板数据,0x18FF90E4,发送至整车控制PCB,100ms,按键板输入,B2,b2-b3,按键10,2bit 按键状态
右操作台数据,CAN2(右操作台链),右操作台-右按键板,按键板数据,0x18FF90E4,发送至整车控制PCB,100ms,按键板输入,B2,b4-b5,按键11,2bit 按键状态
右操作台数据,CAN2(右操作台链),右操作台-右按键板,按键板数据,0x18FF90E4,发送至整车控制PCB,100ms,按键板输入,B2,b6-b7,按键12,2bit 按键状态
右操作台数据,CAN2(右操作台链),右操作台-右按键板,按键板数据,0x18FF90E4,发送至整车控制PCB,100ms,按键板输入,B3,b0-b1,按键13,2bit 按键状态
右操作台数据,CAN2(右操作台链),右操作台-右按键板,按键板数据,0x18FF90E4,发送至整车控制PCB,100ms,按键板输入,B3,b2-b3,按键14,2bit 按键状态
右操作台数据,CAN2(右操作台链),右操作台-右按键板,按键板数据,0x18FF90E4,发送至整车控制PCB,100ms,按键板输入,B3,b4-b5,按键15,2bit 按键状态
右操作台数据,CAN2(右操作台链),右操作台-右按键板,按键板数据,0x18FF90E4,发送至整车控制PCB,100ms,按键板输入,B3,b6-b7,按键16,2bit 按键状态
右操作台数据,CAN2(右操作台链),右操作台-左手柄,手柄按键数据,0x1C0,发送至整车控制PCB,50ms,左手柄按键,B0,b0,PB1,
右操作台数据,CAN2(右操作台链),右操作台-左手柄,手柄按键数据,0x1C0,发送至整车控制PCB,50ms,左手柄按键,B0,b1,PB2,
右操作台数据,CAN2(右操作台链),右操作台-左手柄,手柄按键数据,0x1C0,发送至整车控制PCB,50ms,左手柄按键,B0,b2,PB3,
右操作台数据,CAN2(右操作台链),右操作台-左手柄,手柄按键数据,0x1C0,发送至整车控制PCB,50ms,左手柄按键,B0,b3,PB4,
右操作台数据,CAN2(右操作台链),右操作台-左手柄,手柄数据,0x2C0,发送至整车控制PCB,50ms,左手柄坐标,B0-B1,,X,16bit
右操作台数据,CAN2(右操作台链),右操作台-左手柄,手柄数据,0x2C0,发送至整车控制PCB,50ms,左手柄坐标,B2-B3,,Y,16bit
右操作台数据,CAN2(右操作台链),右操作台-左手柄,手柄数据,0x2C0,发送至整车控制PCB,50ms,左手柄坐标,B4-B5,,Z,16bit
右操作台数据,CAN2(右操作台链),右操作台-右手柄,手柄按键数据,0x1C2,发送至整车控制PCB,50ms,右手柄按键,B0,b0,PB1,
右操作台数据,CAN2(右操作台链),右操作台-右手柄,手柄按键数据,0x1C2,发送至整车控制PCB,50ms,右手柄按键,B0,b1,PB2,
右操作台数据,CAN2(右操作台链),右操作台-右手柄,手柄按键数据,0x1C2,发送至整车控制PCB,50ms,右手柄按键,B0,b2,PB3,
右操作台数据,CAN2(右操作台链),右操作台-右手柄,手柄按键数据,0x1C2,发送至整车控制PCB,50ms,右手柄按键,B0,b3,PB4,
右操作台数据,CAN2(右操作台链),右操作台-右手柄,手柄数据,0x2C2,发送至整车控制PCB,50ms,右手柄坐标,B0-B1,,X,16bit
右操作台数据,CAN2(右操作台链),右操作台-右手柄,手柄数据,0x2C2,发送至整车控制PCB,50ms,右手柄坐标,B2-B3,,Y,16bit
右操作台数据,CAN2(右操作台链),右操作台-右手柄,手柄数据,0x2C2,发送至整车控制PCB,50ms,右手柄坐标,B4-B5,,Z,16bit
整车控制PCB,CAN1(右操作台链),右操作台-左按键板,按键板数据,0x18FF90E5,经整车控制PCB发送至CAN1,100ms,按键板输入,B0,b0-b1,按键1,2bit 按键状态
整车控制PCB,CAN1(右操作台链),右操作台-左按键板,按键板数据,0x18FF90E5,经整车控制PCB发送至CAN1,100ms,按键板输入,B0,b2-b3,按键2,2bit 按键状态
整车控制PCB,CAN1(右操作台链),右操作台-左按键板,按键板数据,0x18FF90E5,经整车控制PCB发送至CAN1,100ms,按键板输入,B0,b4-b5,按键3,2bit 按键状态
整车控制PCB,CAN1(右操作台链),右操作台-左按键板,按键板数据,0x18FF90E5,经整车控制PCB发送至CAN1,100ms,按键板输入,B0,b6-b7,按键4,2bit 按键状态
整车控制PCB,CAN1(右操作台链),右操作台-左按键板,按键板数据,0x18FF90E5,经整车控制PCB发送至CAN1,100ms,按键板输入,B1,b0-b1,按键5,2bit 按键状态
整车控制PCB,CAN1(右操作台链),右操作台-左按键板,按键板数据,0x18FF90E5,经整车控制PCB发送至CAN1,100ms,按键板输入,B1,b2-b3,按键6,2bit 按键状态
整车控制PCB,CAN1(右操作台链),右操作台-左按键板,按键板数据,0x18FF90E5,经整车控制PCB发送至CAN1,100ms,按键板输入,B1,b4-b5,按键7,2bit 按键状态
整车控制PCB,CAN1(右操作台链),右操作台-左按键板,按键板数据,0x18FF90E5,经整车控制PCB发送至CAN1,100ms,按键板输入,B1,b6-b7,按键8,2bit 按键状态
整车控制PCB,CAN1(右操作台链),右操作台-左按键板,按键板数据,0x18FF90E5,经整车控制PCB发送至CAN1,100ms,按键板输入,B2,b0-b1,按键9,2bit 按键状态
整车控制PCB,CAN1(右操作台链),右操作台-左按键板,按键板数据,0x18FF90E5,经整车控制PCB发送至CAN1,100ms,按键板输入,B2,b2-b3,按键10,2bit 按键状态
整车控制PCB,CAN1(右操作台链),右操作台-左按键板,按键板数据,0x18FF90E5,经整车控制PCB发送至CAN1,100ms,按键板输入,B2,b4-b5,按键11,2bit 按键状态
整车控制PCB,CAN1(右操作台链),右操作台-左按键板,按键板数据,0x18FF90E5,经整车控制PCB发送至CAN1,100ms,按键板输入,B2,b6-b7,按键12,2bit 按键状态
整车控制PCB,CAN1(右操作台链),右操作台-左按键板,按键板数据,0x18FF90E5,经整车控制PCB发送至CAN1,100ms,按键板输入,B3,b0-b1,按键13,2bit 按键状态
整车控制PCB,CAN1(右操作台链),右操作台-左按键板,按键板数据,0x18FF90E5,经整车控制PCB发送至CAN1,100ms,按键板输入,B3,b2-b3,按键14,2bit 按键状态
整车控制PCB,CAN1(右操作台链),右操作台-左按键板,按键板数据,0x18FF90E5,经整车控制PCB发送至CAN1,100ms,按键板输入,B3,b4-b5,按键15,2bit 按键状态
整车控制PCB,CAN1(右操作台链),右操作台-左按键板,按键板数据,0x18FF90E5,经整车控制PCB发送至CAN1,100ms,按键板输入,B3,b6-b7,按键16,2bit 按键状态
整车控制PCB,CAN1(右操作台链),右操作台-右按键板,按键板数据,0x18FF90E6,经整车控制PCB发送至CAN1,100ms,按键板输入,B0,b0-b1,按键1,2bit 按键状态
整车控制PCB,CAN1(右操作台链),右操作台-右按键板,按键板数据,0x18FF90E6,经整车控制PCB发送至CAN1,100ms,按键板输入,B0,b2-b3,按键2,2bit 按键状态
整车控制PCB,CAN1(右操作台链),右操作台-右按键板,按键板数据,0x18FF90E6,经整车控制PCB发送至CAN1,100ms,按键板输入,B0,b4-b5,按键3,2bit 按键状态
整车控制PCB,CAN1(右操作台链),右操作台-右按键板,按键板数据,0x18FF90E6,经整车控制PCB发送至CAN1,100ms,按键板输入,B0,b6-b7,按键4,2bit 按键状态
整车控制PCB,CAN1(右操作台链),右操作台-右按键板,按键板数据,0x18FF90E6,经整车控制PCB发送至CAN1,100ms,按键板输入,B1,b0-b1,按键5,2bit 按键状态
整车控制PCB,CAN1(右操作台链),右操作台-右按键板,按键板数据,0x18FF90E6,经整车控制PCB发送至CAN1,100ms,按键板输入,B1,b2-b3,按键6,2bit 按键状态
整车控制PCB,CAN1(右操作台链),右操作台-右按键板,按键板数据,0x18FF90E6,经整车控制PCB发送至CAN1,100ms,按键板输入,B1,b4-b5,按键7,2bit 按键状态
整车控制PCB,CAN1(右操作台链),右操作台-右按键板,按键板数据,0x18FF90E6,经整车控制PCB发送至CAN1,100ms,按键板输入,B1,b6-b7,按键8,2bit 按键状态
整车控制PCB,CAN1(右操作台链),右操作台-右按键板,按键板数据,0x18FF90E6,经整车控制PCB发送至CAN1,100ms,按键板输入,B2,b0-b1,按键9,2bit 按键状态
整车控制PCB,CAN1(右操作台链),右操作台-右按键板,按键板数据,0x18FF90E6,经整车控制PCB发送至CAN1,100ms,按键板输入,B2,b2-b3,按键10,2bit 按键状态
整车控制PCB,CAN1(右操作台链),右操作台-右按键板,按键板数据,0x18FF90E6,经整车控制PCB发送至CAN1,100ms,按键板输入,B2,b4-b5,按键11,2bit 按键状态
整车控制PCB,CAN1(右操作台链),右操作台-右按键板,按键板数据,0x18FF90E6,经整车控制PCB发送至CAN1,100ms,按键板输入,B2,b6-b7,按键12,2bit 按键状态
整车控制PCB,CAN1(右操作台链),右操作台-右按键板,按键板数据,0x18FF90E6,经整车控制PCB发送至CAN1,100ms,按键板输入,B3,b0-b1,按键13,2bit 按键状态
整车控制PCB,CAN1(右操作台链),右操作台-右按键板,按键板数据,0x18FF90E6,经整车控制PCB发送至CAN1,100ms,按键板输入,B3,b2-b3,按键14,2bit 按键状态
整车控制PCB,CAN1(右操作台链),右操作台-右按键板,按键板数据,0x18FF90E6,经整车控制PCB发送至CAN1,100ms,按键板输入,B3,b4-b5,按键15,2bit 按键状态
整车控制PCB,CAN1(右操作台链),右操作台-右按键板,按键板数据,0x18FF90E6,经整车控制PCB发送至CAN1,100ms,按键板输入,B3,b6-b7,按键16,2bit 按键状态
整车控制PCB,CAN1(右操作台链),右操作台-左手柄,手柄按键数据,0x1C3,经整车控制PCB发送至CAN1,50ms,左手柄按键,B0,b0,PB1,
整车控制PCB,CAN1(右操作台链),右操作台-左手柄,手柄按键数据,0x1C3,经整车控制PCB发送至CAN1,50ms,左手柄按键,B0,b1,PB2,
整车控制PCB,CAN1(右操作台链),右操作台-左手柄,手柄按键数据,0x1C3,经整车控制PCB发送至CAN1,50ms,左手柄按键,B0,b2,PB3,
整车控制PCB,CAN1(右操作台链),右操作台-左手柄,手柄按键数据,0x1C3,经整车控制PCB发送至CAN1,50ms,左手柄按键,B0,b3,PB4,
整车控制PCB,CAN1(右操作台链),右操作台-左手柄,手柄数据,0x2C3,经整车控制PCB发送至CAN1,50ms,左手柄坐标,B0-B1,,X,16bit
整车控制PCB,CAN1(右操作台链),右操作台-左手柄,手柄数据,0x2C3,经整车控制PCB发送至CAN1,50ms,左手柄坐标,B2-B3,,Y,16bit
整车控制PCB,CAN1(右操作台链),右操作台-左手柄,手柄数据,0x2C3,经整车控制PCB发送至CAN1,50ms,左手柄坐标,B4-B5,,Z,16bit
整车控制PCB,CAN1(右操作台链),右操作台-右手柄,手柄按键数据,0x1C5,经整车控制PCB发送至CAN1,50ms,右手柄按键,B0,b0,PB1,
整车控制PCB,CAN1(右操作台链),右操作台-右手柄,手柄按键数据,0x1C5,经整车控制PCB发送至CAN1,50ms,右手柄按键,B0,b1,PB2,
整车控制PCB,CAN1(右操作台链),右操作台-右手柄,手柄按键数据,0x1C5,经整车控制PCB发送至CAN1,50ms,右手柄按键,B0,b2,PB3,
整车控制PCB,CAN1(右操作台链),右操作台-右手柄,手柄按键数据,0x1C5,经整车控制PCB发送至CAN1,50ms,右手柄按键,B0,b3,PB4,
整车控制PCB,CAN1(右操作台链),右操作台-右手柄,手柄数据,0x2C5,经整车控制PCB发送至CAN1,50ms,右手柄坐标,B0-B1,,X,16bit
整车控制PCB,CAN1(右操作台链),右操作台-右手柄,手柄数据,0x2C5,经整车控制PCB发送至CAN1,50ms,右手柄坐标,B2-B3,,Y,16bit
整车控制PCB,CAN1(右操作台链),右操作台-右手柄,手柄数据,0x2C5,经整车控制PCB发送至CAN1,50ms,右手柄坐标,B4-B5,,Z,16bit
整车控制PCB,CAN1(执行器),左臂,三臂专属,0x71,接收电脑,逐帧发送,凿岩参数设置,B0-B1,,左臂钻孔深度设定,单位mm
整车控制PCB,CAN1(执行器),左臂,三臂专属,0x71,接收电脑,逐帧发送,凿岩参数设置,B2-B3,,左臂领孔孔深,单位mm
整车控制PCB,CAN1(执行器),左臂,三臂专属,0x71,接收电脑,逐帧发送,凿岩参数设置,B4,,左臂1级防卡钎压力,单位bar
整车控制PCB,CAN1(执行器),左臂,三臂专属,0x71,接收电脑,逐帧发送,凿岩参数设置,B5,,左臂2级防卡钎压力,单位bar
整车控制PCB,CAN1(执行器),左臂,三臂专属,0x71,接收电脑,逐帧发送,凿岩参数设置,B6,,左臂防空打高压力设定,单位bar
整车控制PCB,CAN1(执行器),左臂,三臂专属,0x72,接收电脑,逐帧发送,凿岩参数设置,B0,,左臂润滑打开时间,单位s
整车控制PCB,CAN1(执行器),左臂,三臂专属,0x72,接收电脑,逐帧发送,凿岩参数设置,B1,,左臂润滑关闭时间,单位s
整车控制PCB,CAN1(执行器),左臂,三臂专属,0x72,接收电脑,逐帧发送,凿岩参数设置,B2,,左臂顶岩面压力设定,单位bar
整车控制PCB,CAN1(执行器),左臂,三臂专属,0x72,接收电脑,逐帧发送,凿岩参数设置,B3-B4,,左臂防卡钎延时,单位ms
整车控制PCB,CAN1(执行器),左臂,三臂专属,0x73,接收电脑,逐帧发送,凿岩参数设置,B0,,左臂领孔_回转压力,单位bar
整车控制PCB,CAN1(执行器),左臂,三臂专属,0x73,接收电脑,逐帧发送,凿岩参数设置,B1,,左臂领孔_推进压力,单位bar
整车控制PCB,CAN1(执行器),左臂,三臂专属,0x73,接收电脑,逐帧发送,凿岩参数设置,B2,,左臂领孔_冲击压力,单位bar
整车控制PCB,CAN1(执行器),左臂,三臂专属,0x73,接收电脑,逐帧发送,凿岩参数设置,B3,,左臂领孔_推进速度,单位bar
整车控制PCB,CAN1(执行器),左臂,三臂专属,0x73,接收电脑,逐帧发送,凿岩参数设置,B4,,左臂领孔_旋转速度,单位bar
整车控制PCB,CAN1(执行器),左臂,三臂专属,0x73,接收电脑,逐帧发送,凿岩参数设置,B5,,左臂钻孔_回转压力,单位bar
整车控制PCB,CAN1(执行器),左臂,三臂专属,0x73,接收电脑,逐帧发送,凿岩参数设置,B6,,左臂钻孔_推进压力,单位bar
整车控制PCB,CAN1(执行器),左臂,三臂专属,0x73,接收电脑,逐帧发送,凿岩参数设置,B7,,左臂钻孔_冲击压力,单位bar
整车控制PCB,CAN1(执行器),左臂,三臂专属,0x74,接收电脑,逐帧发送,凿岩参数设置,B0,,左臂钻孔_推进速度,单位bar
整车控制PCB,CAN1(执行器),左臂,三臂专属,0x74,接收电脑,逐帧发送,凿岩参数设置,B1,,左臂钻孔_旋转速度,单位bar
整车控制PCB,CAN1(执行器),左臂,三臂专属,0x74,接收电脑,逐帧发送,凿岩参数设置,B2,,左臂大孔_回转压力,单位bar
整车控制PCB,CAN1(执行器),左臂,三臂专属,0x74,接收电脑,逐帧发送,凿岩参数设置,B3,,左臂大孔_推进压力,单位bar
整车控制PCB,CAN1(执行器),左臂,三臂专属,0x74,接收电脑,逐帧发送,凿岩参数设置,B4,,左臂大孔_冲击压力,单位bar
整车控制PCB,CAN1(执行器),左臂,三臂专属,0x74,接收电脑,逐帧发送,凿岩参数设置,B5,,左臂大孔_推进速度,单位bar
整车控制PCB,CAN1(执行器),左臂,三臂专属,0x74,接收电脑,逐帧发送,凿岩参数设置,B6,,左臂大孔_旋转速度,单位bar
整车控制PCB,CAN1(执行器),左臂,三臂专属,0x75,接收电脑,逐帧发送,臂架动作最大最小电流,B0-B1,,左臂大三角左伸最小电流设定,
整车控制PCB,CAN1(执行器),左臂,三臂专属,0x75,接收电脑,逐帧发送,臂架动作最大最小电流,B2-B3,,左臂大三角右伸最小电流设定,
整车控制PCB,CAN1(执行器),左臂,三臂专属,0x75,接收电脑,逐帧发送,臂架动作最大最小电流,B4-B5,,左臂大三角左伸最大电流设定,
整车控制PCB,CAN1(执行器),左臂,三臂专属,0x75,接收电脑,逐帧发送,臂架动作最大最小电流,B6-B7,,左臂大三角右伸最大电流设定,
整车控制PCB,CAN1(执行器),左臂,三臂专属,0x76,接收电脑,逐帧发送,臂架动作最大最小电流,B0-B1,,左臂大三角左缩最小电流设定,
整车控制PCB,CAN1(执行器),左臂,三臂专属,0x76,接收电脑,逐帧发送,臂架动作最大最小电流,B2-B3,,左臂大三角右缩最小电流设定,
整车控制PCB,CAN1(执行器),左臂,三臂专属,0x76,接收电脑,逐帧发送,臂架动作最大最小电流,B4-B5,,左臂大三角左缩最大电流设定,
整车控制PCB,CAN1(执行器),左臂,三臂专属,0x76,接收电脑,逐帧发送,臂架动作最大最小电流,B6-B7,,左臂大三角右缩最大电流设定,
整车控制PCB,CAN1(执行器),左臂,三臂专属,0x77,接收电脑,逐帧发送,臂架动作最大最小电流,B0-B1,,左臂大臂伸最小电流设定,
整车控制PCB,CAN1(执行器),左臂,三臂专属,0x77,接收电脑,逐帧发送,臂架动作最大最小电流,B2-B3,,左臂大臂伸最大电流设定,
整车控制PCB,CAN1(执行器),左臂,三臂专属,0x77,接收电脑,逐帧发送,臂架动作最大最小电流,B4-B5,,左臂大臂缩最小电流设定,
整车控制PCB,CAN1(执行器),左臂,三臂专属,0x77,接收电脑,逐帧发送,臂架动作最大最小电流,B6-B7,,左臂大臂缩最大电流设定,
整车控制PCB,CAN1(执行器),左臂,三臂专属,0x78,接收电脑,逐帧发送,臂架动作最大最小电流,B0-B1,,左臂推进梁左旋最小电流设定,
整车控制PCB,CAN1(执行器),左臂,三臂专属,0x78,接收电脑,逐帧发送,臂架动作最大最小电流,B2-B3,,左臂推进梁左旋最大电流设定,
整车控制PCB,CAN1(执行器),左臂,三臂专属,0x78,接收电脑,逐帧发送,臂架动作最大最小电流,B4-B5,,左臂推进梁右旋最小电流设定,
整车控制PCB,CAN1(执行器),左臂,三臂专属,0x78,接收电脑,逐帧发送,臂架动作最大最小电流,B6-B7,,左臂推进梁右旋最大电流设定,
整车控制PCB,CAN1(执行器),左臂,三臂专属,0x79,接收电脑,逐帧发送,臂架动作最大最小电流,B0-B1,,左臂推进梁仰最小电流设定,
整车控制PCB,CAN1(执行器),左臂,三臂专属,0x79,接收电脑,逐帧发送,臂架动作最大最小电流,B2-B3,,左臂推进梁仰最大电流设定,
整车控制PCB,CAN1(执行器),左臂,三臂专属,0x79,接收电脑,逐帧发送,臂架动作最大最小电流,B4-B5,,左臂推进梁俯最小电流设定,
整车控制PCB,CAN1(执行器),左臂,三臂专属,0x79,接收电脑,逐帧发送,臂架动作最大最小电流,B6-B7,,左臂推进梁俯最大电流设定,
整车控制PCB,CAN1(执行器),左臂,三臂专属,0x7A,接收电脑,逐帧发送,臂架动作最大最小电流,B0-B1,,左臂推进梁左摆最小电流设定,
整车控制PCB,CAN1(执行器),左臂,三臂专属,0x7A,接收电脑,逐帧发送,臂架动作最大最小电流,B2-B3,,左臂推进梁左摆最大电流设定,
整车控制PCB,CAN1(执行器),左臂,三臂专属,0x7A,接收电脑,逐帧发送,臂架动作最大最小电流,B4-B5,,左臂推进梁右摆最小电流设定,
整车控制PCB,CAN1(执行器),左臂,三臂专属,0x7A,接收电脑,逐帧发送,臂架动作最大最小电流,B6-B7,,左臂推进梁右摆最大电流设定,
整车控制PCB,CAN1(执行器),左臂,三臂专属,0x7B,接收电脑,逐帧发送,臂架动作最大最小电流,B0-B1,,左臂推进梁补偿伸最小电流设定,
整车控制PCB,CAN1(执行器),左臂,三臂专属,0x7B,接收电脑,逐帧发送,臂架动作最大最小电流,B2-B3,,左臂推进梁补偿伸最大电流设定,
整车控制PCB,CAN1(执行器),左臂,三臂专属,0x7B,接收电脑,逐帧发送,臂架动作最大最小电流,B4-B5,,左臂推进梁补偿缩最小电流设定,
整车控制PCB,CAN1(执行器),左臂,三臂专属,0x7B,接收电脑,逐帧发送,臂架动作最大最小电流,B6-B7,,左臂推进梁补偿缩最大电流设定,
整车控制PCB,CAN1(执行器),左臂,三臂专属,0x7C,接收电脑,逐帧发送,臂架动作最大最小电流,B0-B1,,左臂推进压力35bar电流设定,
整车控制PCB,CAN1(执行器),左臂,三臂专属,0x7C,接收电脑,逐帧发送,臂架动作最大最小电流,B2-B3,,左臂推进压力40bar电流设定,
整车控制PCB,CAN1(执行器),左臂,三臂专属,0x7C,接收电脑,逐帧发送,臂架动作最大最小电流,B4-B5,,左臂推进压力70bar电流设定,
整车控制PCB,CAN1(执行器),左臂,三臂专属,0x7C,接收电脑,逐帧发送,臂架动作最大最小电流,B6-B7,,左臂推进压力100bar电流设定,
整车控制PCB,CAN1(执行器),左臂,三臂专属,0x7D,接收电脑,逐帧发送,臂架动作最大最小电流,B0-B1,,左臂冲击压力100bar电流设定,
整车控制PCB,CAN1(执行器),左臂,三臂专属,0x7D,接收电脑,逐帧发送,臂架动作最大最小电流,B2-B3,,左臂推进压力130bar电流设定,
整车控制PCB,CAN1(执行器),左臂,三臂专属,0x7D,接收电脑,逐帧发送,臂架动作最大最小电流,B4-B5,,左臂推进压力180bar电流设定,
整车控制PCB,CAN1(执行器),左臂,三臂专属,0x7D,接收电脑,逐帧发送,臂架动作最大最小电流,B6-B7,,左臂推进压力220bar电流设定,
整车控制PCB,CAN1(执行器),左臂,三臂专属,0x7E,接收电脑,逐帧发送,臂架动作最大最小电流,B0-B1,,左臂自动推进缩电流设定,
整车控制PCB,CAN1(执行器),左臂,三臂专属,0x170,发送至电脑,150ms,电 磁 阀 模 拟 量 信 号 监 控,B0-B1,,左臂左油缸伸,
整车控制PCB,CAN1(执行器),左臂,三臂专属,0x170,发送至电脑,150ms,电 磁 阀 模 拟 量 信 号 监 控,B2-B3,,左臂左油缸缩,
整车控制PCB,CAN1(执行器),左臂,三臂专属,0x170,发送至电脑,150ms,电 磁 阀 模 拟 量 信 号 监 控,B4-B5,,左臂右油缸伸,
整车控制PCB,CAN1(执行器),左臂,三臂专属,0x170,发送至电脑,150ms,电 磁 阀 模 拟 量 信 号 监 控,B6-B7,,左臂右油缸缩,
整车控制PCB,CAN1(执行器),左臂,三臂专属,0x171,发送至电脑,150ms,电 磁 阀 模 拟 量 信 号 监 控,B0-B1,,左臂大臂伸,
整车控制PCB,CAN1(执行器),左臂,三臂专属,0x171,发送至电脑,150ms,电 磁 阀 模 拟 量 信 号 监 控,B2-B3,,左臂大臂缩,
整车控制PCB,CAN1(执行器),左臂,三臂专属,0x171,发送至电脑,150ms,电 磁 阀 模 拟 量 信 号 监 控,B4-B5,,左臂推进梁左转,
整车控制PCB,CAN1(执行器),左臂,三臂专属,0x171,发送至电脑,150ms,电 磁 阀 模 拟 量 信 号 监 控,B6-B7,,左臂推进梁右转,
整车控制PCB,CAN1(执行器),左臂,三臂专属,0x172,发送至电脑,150ms,电 磁 阀 模 拟 量 信 号 监 控,B0-B1,,左臂推进梁仰,
整车控制PCB,CAN1(执行器),左臂,三臂专属,0x172,发送至电脑,150ms,电 磁 阀 模 拟 量 信 号 监 控,B2-B3,,左臂推进梁俯,
整车控制PCB,CAN1(执行器),左臂,三臂专属,0x172,发送至电脑,150ms,电 磁 阀 模 拟 量 信 号 监 控,B4-B5,,左臂推进梁左摆,
整车控制PCB,CAN1(执行器),左臂,三臂专属,0x172,发送至电脑,150ms,电 磁 阀 模 拟 量 信 号 监 控,B6-B7,,左臂推进梁右摆,
整车控制PCB,CAN1(执行器),左臂,三臂专属,0x173,发送至电脑,150ms,电 磁 阀 模 拟 量 信 号 监 控,B0-B1,,左臂补偿伸,
整车控制PCB,CAN1(执行器),左臂,三臂专属,0x173,发送至电脑,150ms,电 磁 阀 模 拟 量 信 号 监 控,B2-B3,,左臂补偿缩,
整车控制PCB,CAN1(执行器),左臂,三臂专属,0x173,发送至电脑,150ms,电 磁 阀 模 拟 量 信 号 监 控,B4-B5,,左臂凿岩机左转,
整车控制PCB,CAN1(执行器),左臂,三臂专属,0x173,发送至电脑,150ms,电 磁 阀 模 拟 量 信 号 监 控,B6-B7,,左臂凿岩机右转,
整车控制PCB,CAN1(执行器),左臂,三臂专属,0x174,发送至电脑,150ms,电 磁 阀 模 拟 量 信 号 监 控,B0-B1,,左臂凿岩机前进,
整车控制PCB,CAN1(执行器),左臂,三臂专属,0x174,发送至电脑,150ms,电 磁 阀 模 拟 量 信 号 监 控,B2-B3,,左臂凿岩机后退,
整车控制PCB,CAN1(执行器),左臂,三臂专属,0x174,发送至电脑,150ms,电 磁 阀 模 拟 量 信 号 监 控,B4-B5,,左臂凿岩机冲击电流,
整车控制PCB,CAN1(执行器),左臂,三臂专属,0x174,发送至电脑,150ms,电 磁 阀 模 拟 量 信 号 监 控,B6-B7,,左臂推进调压电流,
整车控制PCB,CAN1(执行器),左臂,三臂专属,0x175,发送至电脑,150ms,,B0,b0,左主反馈,
整车控制PCB,CAN1(执行器),左臂,三臂专属,0x175,发送至电脑,150ms,,B0,b1,左角反馈,
整车控制PCB,CAN1(执行器),左臂,三臂专属,0x175,发送至电脑,150ms,,B0,b2,左星反馈,
整车控制PCB,CAN1(执行器),左臂,三臂专属,0x175,发送至电脑,150ms,,B0,b3,左臂润滑压力值低,
整车控制PCB,CAN1(执行器),左臂,三臂专属,0x176,发送至电脑,150ms,输入信号,B0-B1,,左臂推进压力,
整车控制PCB,CAN1(执行器),左臂,三臂专属,0x176,发送至电脑,150ms,输入信号,B2-B3,,左臂冲击压力,
整车控制PCB,CAN1(执行器),左臂,三臂专属,0x176,发送至电脑,150ms,输入信号,B4-B5,,左臂回转压力,
整车控制PCB,CAN1(执行器),左臂,三臂专属,0x176,发送至电脑,150ms,输入信号,B6-B7,,左臂臂架压力,
整车控制PCB,CAN1(执行器),左臂,三臂专属,0x177,发送至电脑,150ms,输入信号,B0-B1,,左臂补偿推进压力,
整车控制PCB,CAN1(执行器),左臂,三臂专属,0x177,发送至电脑,150ms,输入信号,B2-B3,,左臂水流量,
整车控制PCB,CAN1(执行器),左臂,三臂专属,0x177,发送至电脑,150ms,输入信号,B4-B5,,左臂润滑压力,
整车控制PCB,CAN1(执行器),左臂,三臂专属,0x177,发送至电脑,150ms,输入信号,B6-B7,,左臂缓冲压力,
整车控制PCB,CAN1(执行器),左臂,三臂专属,0x178,发送至电脑,150ms,输出信号,B0,b0,左主继电器,
整车控制PCB,CAN1(执行器),左臂,三臂专属,0x178,发送至电脑,150ms,输出信号,B0,b1,左角继电器,
整车控制PCB,CAN1(执行器),左臂,三臂专属,0x178,发送至电脑,150ms,输出信号,B0,b2,左气阀,
整车控制PCB,CAN1(执行器),左臂,三臂专属,0x178,发送至电脑,150ms,输出信号,B0,b3,左星继电器,
整车控制PCB,CAN1(执行器),左臂,三臂专属,0x178,发送至电脑,150ms,输出信号,B0,b4,左水阀,
整车控制PCB,CAN1(执行器),左臂,三臂专属,0x178,发送至电脑,150ms,输出信号,B0,b5,左冲击电磁阀,
整车控制PCB,CAN1(执行器),左臂,三臂专属,0x178,发送至电脑,150ms,输出信号,B0,b6,左润滑电磁阀,
整车控制PCB,CAN1(执行器),左臂,三臂专属,0x179,发送至电脑,150ms,输出信号,B0-B3,,左臂凿岩工作时间,
整车控制PCB,CAN1(执行器),整机共享,整机共享,0x51,接收电脑,逐帧发送,屏幕应急操作,B0,b0,主操位液位强制,开关自锁（点击取反）
整车控制PCB,CAN1(执行器),整机共享,整机共享,0x51,接收电脑,逐帧发送,屏幕应急操作,B0,b1,主操位水流量开关强制,开关自锁（点击取反）
整车控制PCB,CAN1(执行器),整机共享,整机共享,0x51,接收电脑,逐帧发送,屏幕应急操作,B0,b2,急停强制,开关自锁（点击取反）
整车控制PCB,CAN1(执行器),整机共享,整机共享,0x51,接收电脑,逐帧发送,屏幕应急操作,B0,b3,底盘动力强制,开关自锁（点击取反）
整车控制PCB,CAN1(执行器),整机共享,整机共享,0x51,接收电脑,逐帧发送,屏幕应急操作,B0,b4,电机互助强制,开关自锁（点击取反）
整车控制PCB,CAN1(执行器),整机共享,整机共享,0x51,接收电脑,逐帧发送,屏幕应急操作,B0,b5,润滑强制,开关自锁（点击取反）
整车控制PCB,CAN1(执行器),整机共享,整机共享,0x51,接收电脑,逐帧发送,屏幕应急操作,B0,b6,相序强制,开关自锁（点击取反）
整车控制PCB,CAN1(执行器),整机共享,整机共享,0x51,接收电脑,逐帧发送,屏幕应急操作,B0,b7,,开关自锁（点击取反）
整车控制PCB,CAN1(执行器),整机共享,整机共享,0x51,接收电脑,逐帧发送,屏幕应急操作,B1,b0,左泵电机启/停,开关自复位
整车控制PCB,CAN1(执行器),整机共享,整机共享,0x51,接收电脑,逐帧发送,屏幕应急操作,B1,b1,中泵电机启/停,开关自复位
整车控制PCB,CAN1(执行器),整机共享,整机共享,0x51,接收电脑,逐帧发送,屏幕应急操作,B1,b2,右泵电机启/停,开关自复位
整车控制PCB,CAN1(执行器),整机共享,整机共享,0x51,接收电脑,逐帧发送,屏幕应急操作,B1,b3,水泵启/停,开关自复位
整车控制PCB,CAN1(执行器),整机共享,整机共享,0x51,接收电脑,逐帧发送,屏幕应急操作,B1,b4,空压机启/停,开关自复位
整车控制PCB,CAN1(执行器),整机共享,整机共享,0x51,接收电脑,逐帧发送,屏幕应急操作,B1,b5,,
整车控制PCB,CAN1(执行器),整机共享,整机共享,0x51,接收电脑,逐帧发送,屏幕应急操作,B1,b6,,
整车控制PCB,CAN1(执行器),整机共享,整机共享,0x51,接收电脑,逐帧发送,屏幕应急操作,B1,b7,,
整车控制PCB,CAN1(执行器),整机共享,整机共享,0x51,接收电脑,逐帧发送,屏幕应急操作,B2,,左电脑所在页面编号,
整车控制PCB,CAN1(执行器),整机共享,整机共享,0x51,接收电脑,逐帧发送,屏幕应急操作,B3,,右电脑所在页面编号,
整车控制PCB,CAN1(执行器),整机共享,整机共享,0x17B,发送至电脑,150ms,,B0,b0,液位低,
整车控制PCB,CAN1(执行器),整机共享,整机共享,0x17B,发送至电脑,150ms,,B1,b0,液位最低,
整车控制PCB,CAN1(执行器),整机共享,整机共享,0x17B,发送至电脑,150ms,,B1,b1,油温高,
整车控制PCB,CAN1(执行器),整机共享,整机共享,0x17B,发送至电脑,150ms,,B1,b2,润滑油位低,
整车控制PCB,CAN1(执行器),整机共享,整机共享,0x17B,发送至电脑,150ms,,B1,b3,吸油滤油报警,
整车控制PCB,CAN1(执行器),整机共享,整机共享,0x17B,发送至电脑,150ms,,B1,b4,回油滤油报警,
整车控制PCB,CAN1(执行器),整机共享,整机共享,0x17B,发送至电脑,150ms,,B1,b5,水压低值,
整车控制PCB,CAN1(执行器),整机共享,整机共享,0x17B,发送至电脑,150ms,,B1,b6,气压低值,
整车控制PCB,CAN1(执行器),整机共享,整机共享,0x17B,发送至电脑,150ms,,B1,b7,相序故障,
整车控制PCB,CAN1(执行器),整机共享,整机共享,0x17B,发送至电脑,150ms,,B2,b0,电机过载,
整车控制PCB,CAN1(执行器),整机共享,整机共享,0x17B,发送至电脑,150ms,,B2,b1,电缆盒急停,
整车控制PCB,CAN1(执行器),整机共享,整机共享,0x17B,发送至电脑,150ms,,B2,b2,水缆盒急停,
整车控制PCB,CAN1(执行器),整机共享,整机共享,0x17B,发送至电脑,150ms,,B2,b3,左操作台急停,
整车控制PCB,CAN1(执行器),整机共享,整机共享,0x17B,发送至电脑,150ms,,B2,b4,凿岩参数设置成功,
整车控制PCB,CAN1(执行器),整机共享,整机共享,0x17B,发送至电脑,150ms,,B2,b5,臂架电流参数设置成功,
整车控制PCB,CAN1(执行器),整机共享,整机共享,0x17B,发送至电脑,150ms,,B2,b6,,
整车控制PCB,CAN1(执行器),整机共享,整机共享,0x17B,发送至电脑,150ms,,B2,b7,,
整车控制PCB,CAN1(执行器),整机共享,整机共享,0x17C,发送至电脑,150ms,输入信号,B0-B1,,泵后水压bar,
整车控制PCB,CAN1(执行器),整机共享,整机共享,0x17C,发送至电脑,150ms,输入信号,B2-B3,,润滑液位,
整车控制PCB,CAN1(执行器),整机共享,整机共享,0x17C,发送至电脑,150ms,输入信号,B4-B5,,液压油液位,
整车控制PCB,CAN1(执行器),整机共享,整机共享,0x17C,发送至电脑,150ms,输入信号,B6-B7,,泵前水压bar,
整车控制PCB,CAN1(执行器),整机共享,整机共享,0x17D,发送至电脑,150ms,输出信号,B0,b0,左前支腿升阀,
整车控制PCB,CAN1(执行器),整机共享,整机共享,0x17D,发送至电脑,150ms,输出信号,B0,b1,左前支腿降阀,
整车控制PCB,CAN1(执行器),整机共享,整机共享,0x17D,发送至电脑,150ms,输出信号,B0,b2,右前支腿升阀,
整车控制PCB,CAN1(执行器),整机共享,整机共享,0x17D,发送至电脑,150ms,输出信号,B0,b3,右前支腿降阀,
整车控制PCB,CAN1(执行器),整机共享,整机共享,0x17D,发送至电脑,150ms,输出信号,B0,b4,左前支腿伸阀,
整车控制PCB,CAN1(执行器),整机共享,整机共享,0x17D,发送至电脑,150ms,输出信号,B0,b5,左前支腿缩阀,
整车控制PCB,CAN1(执行器),整机共享,整机共享,0x17D,发送至电脑,150ms,输出信号,B0,b6,右前支腿伸阀,
整车控制PCB,CAN1(执行器),整机共享,整机共享,0x17D,发送至电脑,150ms,输出信号,B0,b7,右前支腿缩阀,
整车控制PCB,CAN1(执行器),整机共享,整机共享,0x17D,发送至电脑,150ms,输出信号,B1,b0,后左支腿升阀,
整车控制PCB,CAN1(执行器),整机共享,整机共享,0x17D,发送至电脑,150ms,输出信号,B1,b1,后左支腿降阀,
整车控制PCB,CAN1(执行器),整机共享,整机共享,0x17D,发送至电脑,150ms,输出信号,B1,b2,电缆收阀,
整车控制PCB,CAN1(执行器),整机共享,整机共享,0x17D,发送至电脑,150ms,输出信号,B1,b3,电缆放阀,
整车控制PCB,CAN1(执行器),整机共享,整机共享,0x17D,发送至电脑,150ms,输出信号,B1,b4,水缆收阀,
整车控制PCB,CAN1(执行器),整机共享,整机共享,0x17D,发送至电脑,150ms,输出信号,B1,b5,水缆放阀,
整车控制PCB,CAN1(执行器),整机共享,整机共享,0x17D,发送至电脑,150ms,输出信号,B1,b6,驾驶室升阀,
整车控制PCB,CAN1(执行器),整机共享,整机共享,0x17D,发送至电脑,150ms,输出信号,B1,b7,驾驶室降阀,
整车控制PCB,CAN1(执行器),整机共享,整机共享,0x17D,发送至电脑,150ms,输出信号,B2,b0,电缆开阀,
整车控制PCB,CAN1(执行器),整机共享,整机共享,0x17D,发送至电脑,150ms,输出信号,B2,b1,电缆合阀,
整车控制PCB,CAN1(执行器),整机共享,整机共享,0x17D,发送至电脑,150ms,输出信号,B2,b2,水缆开阀,
整车控制PCB,CAN1(执行器),整机共享,整机共享,0x17D,发送至电脑,150ms,输出信号,B2,b3,水缆合阀,
整车控制PCB,CAN1(执行器),整机共享,整机共享,0x17D,发送至电脑,150ms,输出信号,B2,b4,空压机继电器,
整车控制PCB,CAN1(执行器),整机共享,整机共享,0x17D,发送至电脑,150ms,输出信号,B2,b5,水泵继电器,
整车控制PCB,CAN1(执行器),整机共享,整机共享,0x17D,发送至电脑,150ms,输出信号,B2,b6,动力切换阀,
整车控制PCB,CAN1(执行器),整机共享,整机共享,0x17D,发送至电脑,150ms,输出信号,B2,b7,报警器,
整车控制PCB,CAN1(执行器),整机共享,整机共享,0x17D,发送至电脑,150ms,输出信号,B3,b0,后右支腿升阀,
整车控制PCB,CAN1(执行器),整机共享,整机共享,0x17D,发送至电脑,150ms,输出信号,B3,b1,后右支腿降阀,
整车控制PCB,CAN1(执行器),整机共享,整机共享,0x17D,发送至电脑,150ms,输出信号,B3,b2,Y7,
整车控制PCB,CAN1(执行器),整机共享,整机共享,0x17D,发送至电脑,150ms,输出信号,B3,b3,Y8,
整车控制PCB,CAN1(执行器),整机共享,整机共享,0x17D,发送至电脑,150ms,输出信号,B3,b4,Y9,
整车控制PCB,CAN1(执行器),整机共享,整机共享,0x17D,发送至电脑,150ms,输出信号,B3,b5,Y10,
整车控制PCB,CAN1(执行器),整机共享,整机共享,0x17D,发送至电脑,150ms,输出信号,B3,b6,Y11,
整车控制PCB,CAN1(执行器),整机共享,整机共享,0x17D,发送至电脑,150ms,输出信号,B3,b7,Y12,
整车控制PCB,CAN1(执行器),整机共享,整机共享,0x17D,发送至电脑,150ms,输出信号,B4,b0,Y13,
整车控制PCB,CAN1(执行器),整机共享,整机共享,0x17D,发送至电脑,150ms,输出信号,B4,b1,Y15,
整车控制PCB,CAN1(执行器),整机共享,整机共享,0x17D,发送至电脑,150ms,输出信号,B4,b2,左鹰展展开阀,
整车控制PCB,CAN1(执行器),整机共享,整机共享,0x17D,发送至电脑,150ms,输出信号,B4,b3,左鹰展缩回阀,
整车控制PCB,CAN1(执行器),整机共享,整机共享,0x17D,发送至电脑,150ms,输出信号,B4,b4,右鹰展展开阀,
整车控制PCB,CAN1(执行器),整机共享,整机共享,0x17D,发送至电脑,150ms,输出信号,B4,b5,右鹰展缩回阀,
整车控制PCB,CAN1(执行器),左臂,三臂专属,0x17E,发送至电脑,100ms,实时状态,B0,,左臂臂架操作权限,0：手动、不控制 1：控制推进梁偏摆、俯仰 2：全部控制
整车控制PCB,CAN1(执行器),中臂,三臂专属,0x17E,发送至电脑,100ms,实时状态,B1,,中臂臂架操作权限,0：手动、不控制 1：控制推进梁偏摆、俯仰 2：全部控制
整车控制PCB,CAN1(执行器),右臂,三臂专属,0x17E,发送至电脑,100ms,实时状态,B2,,右臂臂架操作权限,0：手动、不控制 1：控制推进梁偏摆、俯仰 2：全部控制
整车控制PCB,CAN1(执行器),右臂,三臂专属,0x17E,发送至电脑,100ms,实时状态,B3,b0,左臂控制器掉线,
整车控制PCB,CAN1(执行器),整机共享,整机共享,0x17E,发送至电脑,100ms,实时状态,B3,b1,中臂控制器掉线,
整车控制PCB,CAN1(执行器),整机共享,整机共享,0x17E,发送至电脑,100ms,实时状态,B3,b2,有臂控制器掉线,
整车控制PCB,CAN1(执行器),整机共享,整机共享,0x17E,发送至电脑,100ms,实时状态,B3,b3,扩展控制器掉线,
整车控制PCB,CAN1(执行器),整机共享,整机共享,0x17E,发送至电脑,100ms,实时状态,B3,b4,整车控制器掉线,
整车控制PCB,CAN1(执行器),整机共享,整机共享,0x17E,发送至电脑,100ms,实时状态,B3,b5,左臂多路阀掉线,
整车控制PCB,CAN1(执行器),整机共享,整机共享,0x17E,发送至电脑,100ms,实时状态,B3,b6,中臂多路阀掉线,
整车控制PCB,CAN1(执行器),整机共享,整机共享,0x17E,发送至电脑,100ms,实时状态,B3,b7,右臂多路阀掉线,
整车控制PCB,CAN1(执行器),整机共享,整机共享,0x17E,发送至电脑,100ms,实时状态,B4,b0,吊篮臂多路阀掉线,
整车控制PCB,CAN1(执行器),整机共享,整机共享,0x17E,发送至电脑,100ms,实时状态,B4,b1,左操作台左手柄掉线,
整车控制PCB,CAN1(执行器),整机共享,整机共享,0x17E,发送至电脑,100ms,实时状态,B4,b2,左操作台右手柄掉线,
整车控制PCB,CAN1(执行器),整机共享,整机共享,0x17E,发送至电脑,100ms,实时状态,B4,b3,左操作台左按键板掉线,
整车控制PCB,CAN1(执行器),整机共享,整机共享,0x17E,发送至电脑,100ms,实时状态,B4,b4,左操作台右按键板掉线,
整车控制PCB,CAN1(执行器),整机共享,整机共享,0x17E,发送至电脑,100ms,实时状态,B4,b5,右操作台左手柄掉线,
整车控制PCB,CAN1(执行器),整机共享,整机共享,0x17E,发送至电脑,100ms,实时状态,B4,b6,右操作台右手柄掉线,
整车控制PCB,CAN1(执行器),整机共享,整机共享,0x17E,发送至电脑,100ms,实时状态,B4,b7,右操作台左按键板掉线,
整车控制PCB,CAN1(执行器),整机共享,整机共享,0x17E,发送至电脑,100ms,实时状态,B5,b0,右操作台右按键板掉线,
整车控制PCB,CAN1(执行器),整机共享,整机共享,0x17E,发送至电脑,100ms,实时状态,B5,b1,辅助按键板掉线,
整车控制PCB,CAN1(执行器),中臂,三臂专属,0x81,接收电脑,逐帧发送,凿岩参数设置,B0-B1,,中臂钻孔深度设定,单位mm
整车控制PCB,CAN1(执行器),中臂,三臂专属,0x81,接收电脑,逐帧发送,凿岩参数设置,B2-B3,,中臂领孔孔深,单位mm
整车控制PCB,CAN1(执行器),中臂,三臂专属,0x81,接收电脑,逐帧发送,凿岩参数设置,B4,,中臂1级防卡钎压力,单位bar
整车控制PCB,CAN1(执行器),中臂,三臂专属,0x81,接收电脑,逐帧发送,凿岩参数设置,B5,,中臂2级防卡钎压力,单位bar
整车控制PCB,CAN1(执行器),中臂,三臂专属,0x81,接收电脑,逐帧发送,凿岩参数设置,B6,,中臂防空打高压力设定,单位bar
整车控制PCB,CAN1(执行器),中臂,三臂专属,0x82,接收电脑,逐帧发送,凿岩参数设置,B0,,中臂润滑打开时间,单位s
整车控制PCB,CAN1(执行器),中臂,三臂专属,0x82,接收电脑,逐帧发送,凿岩参数设置,B1,,中臂润滑关闭时间,单位s
整车控制PCB,CAN1(执行器),中臂,三臂专属,0x82,接收电脑,逐帧发送,凿岩参数设置,B2,,中臂顶岩面压力设定,单位bar
整车控制PCB,CAN1(执行器),中臂,三臂专属,0x82,接收电脑,逐帧发送,凿岩参数设置,B3-B4,,中臂防卡钎延时,单位ms
整车控制PCB,CAN1(执行器),中臂,三臂专属,0x83,接收电脑,逐帧发送,凿岩参数设置,B0,,中臂领孔_回转压力,单位bar
整车控制PCB,CAN1(执行器),中臂,三臂专属,0x83,接收电脑,逐帧发送,凿岩参数设置,B1,,中臂领孔_推进压力,单位bar
整车控制PCB,CAN1(执行器),中臂,三臂专属,0x83,接收电脑,逐帧发送,凿岩参数设置,B2,,中臂领孔_冲击压力,单位bar
整车控制PCB,CAN1(执行器),中臂,三臂专属,0x83,接收电脑,逐帧发送,凿岩参数设置,B3,,中臂领孔_推进速度,单位bar
整车控制PCB,CAN1(执行器),中臂,三臂专属,0x83,接收电脑,逐帧发送,凿岩参数设置,B4,,中臂领孔_旋转速度,单位bar
整车控制PCB,CAN1(执行器),中臂,三臂专属,0x83,接收电脑,逐帧发送,凿岩参数设置,B5,,中臂钻孔_回转压力,单位bar
整车控制PCB,CAN1(执行器),中臂,三臂专属,0x83,接收电脑,逐帧发送,凿岩参数设置,B6,,中臂钻孔_推进压力,单位bar
整车控制PCB,CAN1(执行器),中臂,三臂专属,0x83,接收电脑,逐帧发送,凿岩参数设置,B7,,中臂钻孔_冲击压力,单位bar
整车控制PCB,CAN1(执行器),中臂,三臂专属,0x84,接收电脑,逐帧发送,凿岩参数设置,B0,,中臂钻孔_推进速度,单位bar
整车控制PCB,CAN1(执行器),中臂,三臂专属,0x84,接收电脑,逐帧发送,凿岩参数设置,B1,,中臂钻孔_旋转速度,单位bar
整车控制PCB,CAN1(执行器),中臂,三臂专属,0x84,接收电脑,逐帧发送,凿岩参数设置,B2,,中臂大孔_回转压力,单位bar
整车控制PCB,CAN1(执行器),中臂,三臂专属,0x84,接收电脑,逐帧发送,凿岩参数设置,B3,,中臂大孔_推进压力,单位bar
整车控制PCB,CAN1(执行器),中臂,三臂专属,0x84,接收电脑,逐帧发送,凿岩参数设置,B4,,中臂大孔_冲击压力,单位bar
整车控制PCB,CAN1(执行器),中臂,三臂专属,0x84,接收电脑,逐帧发送,凿岩参数设置,B5,,中臂大孔_推进速度,单位bar
整车控制PCB,CAN1(执行器),中臂,三臂专属,0x84,接收电脑,逐帧发送,凿岩参数设置,B6,,中臂大孔_旋转速度,单位bar
整车控制PCB,CAN1(执行器),中臂,三臂专属,0x85,接收电脑,逐帧发送,臂架动作最大最小电流,B0-B1,,中臂大三角左伸最小电流设定,
整车控制PCB,CAN1(执行器),中臂,三臂专属,0x85,接收电脑,逐帧发送,臂架动作最大最小电流,B2-B3,,中臂大三角右伸最小电流设定,
整车控制PCB,CAN1(执行器),中臂,三臂专属,0x85,接收电脑,逐帧发送,臂架动作最大最小电流,B4-B5,,中臂大三角左伸最大电流设定,
整车控制PCB,CAN1(执行器),中臂,三臂专属,0x85,接收电脑,逐帧发送,臂架动作最大最小电流,B6-B7,,中臂大三角右伸最大电流设定,
整车控制PCB,CAN1(执行器),中臂,三臂专属,0x86,接收电脑,逐帧发送,臂架动作最大最小电流,B0-B1,,中臂大三角左缩最小电流设定,
整车控制PCB,CAN1(执行器),中臂,三臂专属,0x86,接收电脑,逐帧发送,臂架动作最大最小电流,B2-B3,,中臂大三角右缩最小电流设定,
整车控制PCB,CAN1(执行器),中臂,三臂专属,0x86,接收电脑,逐帧发送,臂架动作最大最小电流,B4-B5,,中臂大三角左缩最大电流设定,
整车控制PCB,CAN1(执行器),中臂,三臂专属,0x86,接收电脑,逐帧发送,臂架动作最大最小电流,B6-B7,,中臂大三角右缩最大电流设定,
整车控制PCB,CAN1(执行器),中臂,三臂专属,0x87,接收电脑,逐帧发送,臂架动作最大最小电流,B0-B1,,中臂大臂伸最小电流设定,
整车控制PCB,CAN1(执行器),中臂,三臂专属,0x87,接收电脑,逐帧发送,臂架动作最大最小电流,B2-B3,,中臂大臂伸最大电流设定,
整车控制PCB,CAN1(执行器),中臂,三臂专属,0x87,接收电脑,逐帧发送,臂架动作最大最小电流,B4-B5,,中臂大臂缩最小电流设定,
整车控制PCB,CAN1(执行器),中臂,三臂专属,0x87,接收电脑,逐帧发送,臂架动作最大最小电流,B6-B7,,中臂大臂缩最大电流设定,
整车控制PCB,CAN1(执行器),中臂,三臂专属,0x88,接收电脑,逐帧发送,臂架动作最大最小电流,B0-B1,,中臂推进梁左旋最小电流设定,
整车控制PCB,CAN1(执行器),中臂,三臂专属,0x88,接收电脑,逐帧发送,臂架动作最大最小电流,B2-B3,,中臂推进梁左旋最大电流设定,
整车控制PCB,CAN1(执行器),中臂,三臂专属,0x88,接收电脑,逐帧发送,臂架动作最大最小电流,B4-B5,,中臂推进梁右旋最小电流设定,
整车控制PCB,CAN1(执行器),中臂,三臂专属,0x88,接收电脑,逐帧发送,臂架动作最大最小电流,B6-B7,,中臂推进梁右旋最大电流设定,
整车控制PCB,CAN1(执行器),中臂,三臂专属,0x89,接收电脑,逐帧发送,臂架动作最大最小电流,B0-B1,,中臂推进梁仰最小电流设定,
整车控制PCB,CAN1(执行器),中臂,三臂专属,0x89,接收电脑,逐帧发送,臂架动作最大最小电流,B2-B3,,中臂推进梁仰最大电流设定,
整车控制PCB,CAN1(执行器),中臂,三臂专属,0x89,接收电脑,逐帧发送,臂架动作最大最小电流,B4-B5,,中臂推进梁俯最小电流设定,
整车控制PCB,CAN1(执行器),中臂,三臂专属,0x89,接收电脑,逐帧发送,臂架动作最大最小电流,B6-B7,,中臂推进梁俯最大电流设定,
整车控制PCB,CAN1(执行器),中臂,三臂专属,0x8A,接收电脑,逐帧发送,臂架动作最大最小电流,B0-B1,,中臂推进梁左摆最小电流设定,
整车控制PCB,CAN1(执行器),中臂,三臂专属,0x8A,接收电脑,逐帧发送,臂架动作最大最小电流,B2-B3,,中臂推进梁左摆最大电流设定,
整车控制PCB,CAN1(执行器),中臂,三臂专属,0x8A,接收电脑,逐帧发送,臂架动作最大最小电流,B4-B5,,中臂推进梁右摆最小电流设定,
整车控制PCB,CAN1(执行器),中臂,三臂专属,0x8A,接收电脑,逐帧发送,臂架动作最大最小电流,B6-B7,,中臂推进梁右摆最大电流设定,
整车控制PCB,CAN1(执行器),中臂,三臂专属,0x8B,接收电脑,逐帧发送,臂架动作最大最小电流,B0-B1,,中臂推进梁补偿伸最小电流设定,
整车控制PCB,CAN1(执行器),中臂,三臂专属,0x8B,接收电脑,逐帧发送,臂架动作最大最小电流,B2-B3,,中臂推进梁补偿伸最大电流设定,
整车控制PCB,CAN1(执行器),中臂,三臂专属,0x8B,接收电脑,逐帧发送,臂架动作最大最小电流,B4-B5,,中臂推进梁补偿缩最小电流设定,
整车控制PCB,CAN1(执行器),中臂,三臂专属,0x8B,接收电脑,逐帧发送,臂架动作最大最小电流,B6-B7,,中臂推进梁补偿缩最大电流设定,
整车控制PCB,CAN1(执行器),中臂,三臂专属,0x8C,接收电脑,逐帧发送,臂架动作最大最小电流,B0-B1,,中臂推进压力35bar电流设定,
整车控制PCB,CAN1(执行器),中臂,三臂专属,0x8C,接收电脑,逐帧发送,臂架动作最大最小电流,B2-B3,,中臂推进压力40bar电流设定,
整车控制PCB,CAN1(执行器),中臂,三臂专属,0x8C,接收电脑,逐帧发送,臂架动作最大最小电流,B4-B5,,中臂推进压力70bar电流设定,
整车控制PCB,CAN1(执行器),中臂,三臂专属,0x8C,接收电脑,逐帧发送,臂架动作最大最小电流,B6-B7,,中臂推进压力100bar电流设定,
整车控制PCB,CAN1(执行器),中臂,三臂专属,0x8D,接收电脑,逐帧发送,臂架动作最大最小电流,B0-B1,,中臂冲击压力100bar电流设定,
整车控制PCB,CAN1(执行器),中臂,三臂专属,0x8D,接收电脑,逐帧发送,臂架动作最大最小电流,B2-B3,,中臂推进压力130bar电流设定,
整车控制PCB,CAN1(执行器),中臂,三臂专属,0x8D,接收电脑,逐帧发送,臂架动作最大最小电流,B4-B5,,中臂推进压力180bar电流设定,
整车控制PCB,CAN1(执行器),中臂,三臂专属,0x8D,接收电脑,逐帧发送,臂架动作最大最小电流,B6-B7,,中臂推进压力220bar电流设定,
整车控制PCB,CAN1(执行器),中臂,三臂专属,0x8E,接收电脑,逐帧发送,臂架动作最大最小电流,B0-B1,,中臂自动推进缩电流设定,
整车控制PCB,CAN1(执行器),中臂,三臂专属,0x1B0,发送至电脑,150ms,电 磁 阀 模 拟 量 信 号 监 控,B0-B1,,中臂左油缸伸,
整车控制PCB,CAN1(执行器),中臂,三臂专属,0x1B0,发送至电脑,150ms,电 磁 阀 模 拟 量 信 号 监 控,B2-B3,,中臂左油缸缩,
整车控制PCB,CAN1(执行器),中臂,三臂专属,0x1B0,发送至电脑,150ms,电 磁 阀 模 拟 量 信 号 监 控,B4-B5,,中臂右油缸伸,
整车控制PCB,CAN1(执行器),中臂,三臂专属,0x1B0,发送至电脑,150ms,电 磁 阀 模 拟 量 信 号 监 控,B6-B7,,中臂右油缸缩,
整车控制PCB,CAN1(执行器),中臂,三臂专属,0x1B1,发送至电脑,150ms,电 磁 阀 模 拟 量 信 号 监 控,B0-B1,,中臂大臂伸,
整车控制PCB,CAN1(执行器),中臂,三臂专属,0x1B1,发送至电脑,150ms,电 磁 阀 模 拟 量 信 号 监 控,B2-B3,,中臂大臂缩,
整车控制PCB,CAN1(执行器),中臂,三臂专属,0x1B1,发送至电脑,150ms,电 磁 阀 模 拟 量 信 号 监 控,B4-B5,,中臂推进梁左转,
整车控制PCB,CAN1(执行器),中臂,三臂专属,0x1B1,发送至电脑,150ms,电 磁 阀 模 拟 量 信 号 监 控,B6-B7,,中臂推进梁右转,
整车控制PCB,CAN1(执行器),中臂,三臂专属,0x1B2,发送至电脑,150ms,电 磁 阀 模 拟 量 信 号 监 控,B0-B1,,中臂推进梁仰,
整车控制PCB,CAN1(执行器),中臂,三臂专属,0x1B2,发送至电脑,150ms,电 磁 阀 模 拟 量 信 号 监 控,B2-B3,,中臂推进梁俯,
整车控制PCB,CAN1(执行器),中臂,三臂专属,0x1B2,发送至电脑,150ms,电 磁 阀 模 拟 量 信 号 监 控,B4-B5,,中臂推进梁左摆,
整车控制PCB,CAN1(执行器),中臂,三臂专属,0x1B2,发送至电脑,150ms,电 磁 阀 模 拟 量 信 号 监 控,B6-B7,,中臂推进梁右摆,
整车控制PCB,CAN1(执行器),中臂,三臂专属,0x1B3,发送至电脑,150ms,电 磁 阀 模 拟 量 信 号 监 控,B0-B1,,中臂补偿伸,
整车控制PCB,CAN1(执行器),中臂,三臂专属,0x1B3,发送至电脑,150ms,电 磁 阀 模 拟 量 信 号 监 控,B2-B3,,中臂补偿缩,
整车控制PCB,CAN1(执行器),中臂,三臂专属,0x1B3,发送至电脑,150ms,电 磁 阀 模 拟 量 信 号 监 控,B4-B5,,中臂凿岩机左转,
整车控制PCB,CAN1(执行器),中臂,三臂专属,0x1B3,发送至电脑,150ms,电 磁 阀 模 拟 量 信 号 监 控,B6-B7,,中臂凿岩机右转,
整车控制PCB,CAN1(执行器),中臂,三臂专属,0x1B4,发送至电脑,150ms,电 磁 阀 模 拟 量 信 号 监 控,B0-B1,,中臂凿岩机前进,
整车控制PCB,CAN1(执行器),中臂,三臂专属,0x1B4,发送至电脑,150ms,电 磁 阀 模 拟 量 信 号 监 控,B2-B3,,中臂凿岩机后退,
整车控制PCB,CAN1(执行器),中臂,三臂专属,0x1B4,发送至电脑,150ms,电 磁 阀 模 拟 量 信 号 监 控,B4-B5,,中臂凿岩机冲击电流,
整车控制PCB,CAN1(执行器),中臂,三臂专属,0x1B4,发送至电脑,150ms,电 磁 阀 模 拟 量 信 号 监 控,B6-B7,,中臂推进调压电流,
整车控制PCB,CAN1(执行器),中臂,三臂专属,0x1B5,发送至电脑,150ms,,B0,b0,主反馈,
整车控制PCB,CAN1(执行器),中臂,三臂专属,0x1B5,发送至电脑,150ms,,B0,b2,中角反馈,
整车控制PCB,CAN1(执行器),中臂,三臂专属,0x1B5,发送至电脑,150ms,,B0,b3,中星反馈,
整车控制PCB,CAN1(执行器),中臂,三臂专属,0x1B5,发送至电脑,150ms,,B0,b4,中臂润滑压力值低,
整车控制PCB,CAN1(执行器),中臂,三臂专属,0x1B5,发送至电脑,150ms,,B0,b5,,
整车控制PCB,CAN1(执行器),中臂,三臂专属,0x1B5,发送至电脑,150ms,,B0,b6,,
整车控制PCB,CAN1(执行器),中臂,三臂专属,0x1B5,发送至电脑,150ms,,B0,b7,,
整车控制PCB,CAN1(执行器),中臂,三臂专属,0x1B6,发送至电脑,150ms,输入信号,B0-B1,,中臂左推进压力,
整车控制PCB,CAN1(执行器),中臂,三臂专属,0x1B6,发送至电脑,150ms,输入信号,B2-B3,,中臂冲击压力,
整车控制PCB,CAN1(执行器),中臂,三臂专属,0x1B6,发送至电脑,150ms,输入信号,B4-B5,,中臂回转压力,
整车控制PCB,CAN1(执行器),中臂,三臂专属,0x1B6,发送至电脑,150ms,输入信号,B6-B7,,中臂臂架压力,
整车控制PCB,CAN1(执行器),中臂,三臂专属,0x1B7,发送至电脑,150ms,输入信号,B0-B1,,中臂补偿推进压力,
整车控制PCB,CAN1(执行器),中臂,三臂专属,0x1B7,发送至电脑,150ms,输入信号,B2-B3,,中臂水流量,
整车控制PCB,CAN1(执行器),中臂,三臂专属,0x1B7,发送至电脑,150ms,输入信号,B4-B5,,中臂润滑压力,
整车控制PCB,CAN1(执行器),中臂,三臂专属,0x1B7,发送至电脑,150ms,输入信号,B6-B7,,中臂缓冲压力,
整车控制PCB,CAN1(执行器),中臂,三臂专属,0x1B8,发送至电脑,150ms,,B0,b0,中主继电器,
整车控制PCB,CAN1(执行器),中臂,三臂专属,0x1B8,发送至电脑,150ms,,B0,b1,中角继电器,
整车控制PCB,CAN1(执行器),中臂,三臂专属,0x1B8,发送至电脑,150ms,,B0,b2,中气阀,
整车控制PCB,CAN1(执行器),中臂,三臂专属,0x1B8,发送至电脑,150ms,,B0,b3,中星继电器,
整车控制PCB,CAN1(执行器),中臂,三臂专属,0x1B8,发送至电脑,150ms,,B0,b4,中水阀,
整车控制PCB,CAN1(执行器),中臂,三臂专属,0x1B8,发送至电脑,150ms,,B0,b5,中冲击电磁阀,
整车控制PCB,CAN1(执行器),中臂,三臂专属,0x1B8,发送至电脑,150ms,,B0,b6,中润滑电磁阀,
整车控制PCB,CAN1(执行器),中臂,三臂专属,0x1B9,发送至电脑,150ms,,B0-B3,,中臂凿岩工作时间,
整车控制PCB,CAN1(执行器),右臂,三臂专属,0x91,接收电脑,逐帧发送,凿岩参数设置,B0-B1,,右臂钻孔深度设定,单位mm
整车控制PCB,CAN1(执行器),右臂,三臂专属,0x91,接收电脑,逐帧发送,凿岩参数设置,B2-B3,,右臂领孔孔深,单位mm
整车控制PCB,CAN1(执行器),右臂,三臂专属,0x91,接收电脑,逐帧发送,凿岩参数设置,B4,,右臂1级防卡钎压力,单位bar
整车控制PCB,CAN1(执行器),右臂,三臂专属,0x91,接收电脑,逐帧发送,凿岩参数设置,B5,,右臂2级防卡钎压力,单位bar
整车控制PCB,CAN1(执行器),右臂,三臂专属,0x91,接收电脑,逐帧发送,凿岩参数设置,B6,,右臂防空打高压力设定,单位bar
整车控制PCB,CAN1(执行器),右臂,三臂专属,0x92,接收电脑,逐帧发送,凿岩参数设置,B0,,右臂润滑打开时间,单位s
整车控制PCB,CAN1(执行器),右臂,三臂专属,0x92,接收电脑,逐帧发送,凿岩参数设置,B1,,右臂润滑关闭时间,单位s
整车控制PCB,CAN1(执行器),右臂,三臂专属,0x92,接收电脑,逐帧发送,凿岩参数设置,B2,,右臂顶岩面压力设定,单位bar
整车控制PCB,CAN1(执行器),右臂,三臂专属,0x92,接收电脑,逐帧发送,凿岩参数设置,B3-B4,,右臂防卡钎延时,单位ms
整车控制PCB,CAN1(执行器),右臂,三臂专属,0x93,接收电脑,逐帧发送,凿岩参数设置,B0,,右臂领孔_回转压力,单位bar
整车控制PCB,CAN1(执行器),右臂,三臂专属,0x93,接收电脑,逐帧发送,凿岩参数设置,B1,,右臂领孔_推进压力,单位bar
整车控制PCB,CAN1(执行器),右臂,三臂专属,0x93,接收电脑,逐帧发送,凿岩参数设置,B2,,右臂领孔_冲击压力,单位bar
整车控制PCB,CAN1(执行器),右臂,三臂专属,0x93,接收电脑,逐帧发送,凿岩参数设置,B3,,右臂领孔_推进速度,单位bar
整车控制PCB,CAN1(执行器),右臂,三臂专属,0x93,接收电脑,逐帧发送,凿岩参数设置,B4,,右臂领孔_旋转速度,单位bar
整车控制PCB,CAN1(执行器),右臂,三臂专属,0x93,接收电脑,逐帧发送,凿岩参数设置,B5,,右臂钻孔_回转压力,单位bar
整车控制PCB,CAN1(执行器),右臂,三臂专属,0x93,接收电脑,逐帧发送,凿岩参数设置,B6,,右臂钻孔_推进压力,单位bar
整车控制PCB,CAN1(执行器),右臂,三臂专属,0x93,接收电脑,逐帧发送,凿岩参数设置,B7,,右臂钻孔_冲击压力,单位bar
整车控制PCB,CAN1(执行器),右臂,三臂专属,0x94,接收电脑,逐帧发送,凿岩参数设置,B0,,右臂钻孔_推进速度,单位bar
整车控制PCB,CAN1(执行器),右臂,三臂专属,0x94,接收电脑,逐帧发送,凿岩参数设置,B1,,右臂钻孔_旋转速度,单位bar
整车控制PCB,CAN1(执行器),右臂,三臂专属,0x94,接收电脑,逐帧发送,凿岩参数设置,B2,,右臂大孔_回转压力,单位bar
整车控制PCB,CAN1(执行器),右臂,三臂专属,0x94,接收电脑,逐帧发送,凿岩参数设置,B3,,右臂大孔_推进压力,单位bar
整车控制PCB,CAN1(执行器),右臂,三臂专属,0x94,接收电脑,逐帧发送,凿岩参数设置,B4,,右臂大孔_冲击压力,单位bar
整车控制PCB,CAN1(执行器),右臂,三臂专属,0x94,接收电脑,逐帧发送,凿岩参数设置,B5,,右臂大孔_推进速度,单位bar
整车控制PCB,CAN1(执行器),右臂,三臂专属,0x94,接收电脑,逐帧发送,凿岩参数设置,B6,,右臂大孔_旋转速度,单位bar
整车控制PCB,CAN1(执行器),右臂,三臂专属,0x95,接收电脑,逐帧发送,臂架动作最大最小电流,B0-B1,,右臂大三角左伸最小电流设定,
整车控制PCB,CAN1(执行器),右臂,三臂专属,0x95,接收电脑,逐帧发送,臂架动作最大最小电流,B2-B3,,右臂大三角右伸最小电流设定,
整车控制PCB,CAN1(执行器),右臂,三臂专属,0x95,接收电脑,逐帧发送,臂架动作最大最小电流,B4-B5,,右臂大三角左伸最大电流设定,
整车控制PCB,CAN1(执行器),右臂,三臂专属,0x95,接收电脑,逐帧发送,臂架动作最大最小电流,B6-B7,,右臂大三角右伸最大电流设定,
整车控制PCB,CAN1(执行器),右臂,三臂专属,0x96,接收电脑,逐帧发送,臂架动作最大最小电流,B0-B1,,右臂大三角左缩最小电流设定,
整车控制PCB,CAN1(执行器),右臂,三臂专属,0x96,接收电脑,逐帧发送,臂架动作最大最小电流,B2-B3,,右臂大三角右缩最小电流设定,
整车控制PCB,CAN1(执行器),右臂,三臂专属,0x96,接收电脑,逐帧发送,臂架动作最大最小电流,B4-B5,,右臂大三角左缩最大电流设定,
整车控制PCB,CAN1(执行器),右臂,三臂专属,0x96,接收电脑,逐帧发送,臂架动作最大最小电流,B6-B7,,右臂大三角右缩最大电流设定,
整车控制PCB,CAN1(执行器),右臂,三臂专属,0x97,接收电脑,逐帧发送,臂架动作最大最小电流,B0-B1,,右臂大臂伸最小电流设定,
整车控制PCB,CAN1(执行器),右臂,三臂专属,0x97,接收电脑,逐帧发送,臂架动作最大最小电流,B2-B3,,右臂大臂伸最大电流设定,
整车控制PCB,CAN1(执行器),右臂,三臂专属,0x97,接收电脑,逐帧发送,臂架动作最大最小电流,B4-B5,,右臂大臂缩最小电流设定,
整车控制PCB,CAN1(执行器),右臂,三臂专属,0x97,接收电脑,逐帧发送,臂架动作最大最小电流,B6-B7,,右臂大臂缩最大电流设定,
整车控制PCB,CAN1(执行器),右臂,三臂专属,0x98,接收电脑,逐帧发送,臂架动作最大最小电流,B0-B1,,右臂推进梁左旋最小电流设定,
整车控制PCB,CAN1(执行器),右臂,三臂专属,0x98,接收电脑,逐帧发送,臂架动作最大最小电流,B2-B3,,右臂推进梁左旋最大电流设定,
整车控制PCB,CAN1(执行器),右臂,三臂专属,0x98,接收电脑,逐帧发送,臂架动作最大最小电流,B4-B5,,右臂推进梁右旋最小电流设定,
整车控制PCB,CAN1(执行器),右臂,三臂专属,0x98,接收电脑,逐帧发送,臂架动作最大最小电流,B6-B7,,右臂推进梁右旋最大电流设定,
整车控制PCB,CAN1(执行器),右臂,三臂专属,0x99,接收电脑,逐帧发送,臂架动作最大最小电流,B0-B1,,右臂推进梁仰最小电流设定,
整车控制PCB,CAN1(执行器),右臂,三臂专属,0x99,接收电脑,逐帧发送,臂架动作最大最小电流,B2-B3,,右臂推进梁仰最大电流设定,
整车控制PCB,CAN1(执行器),右臂,三臂专属,0x99,接收电脑,逐帧发送,臂架动作最大最小电流,B4-B5,,右臂推进梁俯最小电流设定,
整车控制PCB,CAN1(执行器),右臂,三臂专属,0x99,接收电脑,逐帧发送,臂架动作最大最小电流,B6-B7,,右臂推进梁俯最大电流设定,
整车控制PCB,CAN1(执行器),右臂,三臂专属,0x9A,接收电脑,逐帧发送,臂架动作最大最小电流,B0-B1,,右臂推进梁左摆最小电流设定,
整车控制PCB,CAN1(执行器),右臂,三臂专属,0x9A,接收电脑,逐帧发送,臂架动作最大最小电流,B2-B3,,右臂推进梁左摆最大电流设定,
整车控制PCB,CAN1(执行器),右臂,三臂专属,0x9A,接收电脑,逐帧发送,臂架动作最大最小电流,B4-B5,,右臂推进梁右摆最小电流设定,
整车控制PCB,CAN1(执行器),右臂,三臂专属,0x9A,接收电脑,逐帧发送,臂架动作最大最小电流,B6-B7,,右臂推进梁右摆最大电流设定,
整车控制PCB,CAN1(执行器),右臂,三臂专属,0x9B,接收电脑,逐帧发送,臂架动作最大最小电流,B0-B1,,右臂推进梁补偿伸最小电流设定,
整车控制PCB,CAN1(执行器),右臂,三臂专属,0x9B,接收电脑,逐帧发送,臂架动作最大最小电流,B2-B3,,右臂推进梁补偿伸最大电流设定,
整车控制PCB,CAN1(执行器),右臂,三臂专属,0x9B,接收电脑,逐帧发送,臂架动作最大最小电流,B4-B5,,右臂推进梁补偿缩最小电流设定,
整车控制PCB,CAN1(执行器),右臂,三臂专属,0x9B,接收电脑,逐帧发送,臂架动作最大最小电流,B6-B7,,右臂推进梁补偿缩最大电流设定,
整车控制PCB,CAN1(执行器),右臂,三臂专属,0x9C,接收电脑,逐帧发送,臂架动作最大最小电流,B0-B1,,右臂推进压力35bar电流设定,
整车控制PCB,CAN1(执行器),右臂,三臂专属,0x9C,接收电脑,逐帧发送,臂架动作最大最小电流,B2-B3,,右臂推进压力40bar电流设定,
整车控制PCB,CAN1(执行器),右臂,三臂专属,0x9C,接收电脑,逐帧发送,臂架动作最大最小电流,B4-B5,,右臂推进压力70bar电流设定,
整车控制PCB,CAN1(执行器),右臂,三臂专属,0x9C,接收电脑,逐帧发送,臂架动作最大最小电流,B6-B7,,右臂推进压力100bar电流设定,
整车控制PCB,CAN1(执行器),右臂,三臂专属,0x9D,接收电脑,逐帧发送,臂架动作最大最小电流,B0-B1,,右臂冲击压力100bar电流设定,
整车控制PCB,CAN1(执行器),右臂,三臂专属,0x9D,接收电脑,逐帧发送,臂架动作最大最小电流,B2-B3,,右臂推进压力130bar电流设定,
整车控制PCB,CAN1(执行器),右臂,三臂专属,0x9D,接收电脑,逐帧发送,臂架动作最大最小电流,B4-B5,,右臂推进压力180bar电流设定,
整车控制PCB,CAN1(执行器),右臂,三臂专属,0x9D,接收电脑,逐帧发送,臂架动作最大最小电流,B6-B7,,右臂推进压力220bar电流设定,
整车控制PCB,CAN1(执行器),右臂,三臂专属,0x9E,接收电脑,逐帧发送,臂架动作最大最小电流,B0-B1,,右臂自动推进缩电流设定,
整车控制PCB,CAN1(执行器),右臂,三臂专属,0x1C0,发送至电脑,150ms,电 磁 阀 模 拟 量 信 号 监 控,B0-B1,,右臂左油缸伸,
整车控制PCB,CAN1(执行器),右臂,三臂专属,0x1C0,发送至电脑,150ms,电 磁 阀 模 拟 量 信 号 监 控,B2-B3,,右臂左油缸缩,
整车控制PCB,CAN1(执行器),右臂,三臂专属,0x1C0,发送至电脑,150ms,电 磁 阀 模 拟 量 信 号 监 控,B4-B5,,右臂右油缸伸,
整车控制PCB,CAN1(执行器),右臂,三臂专属,0x1C0,发送至电脑,150ms,电 磁 阀 模 拟 量 信 号 监 控,B6-B7,,右臂右油缸缩,
整车控制PCB,CAN1(执行器),右臂,三臂专属,0x1C1,发送至电脑,150ms,电 磁 阀 模 拟 量 信 号 监 控,B0-B1,,右臂大臂伸,
整车控制PCB,CAN1(执行器),右臂,三臂专属,0x1C1,发送至电脑,150ms,电 磁 阀 模 拟 量 信 号 监 控,B2-B3,,右臂大臂缩,
整车控制PCB,CAN1(执行器),右臂,三臂专属,0x1C1,发送至电脑,150ms,电 磁 阀 模 拟 量 信 号 监 控,B4-B5,,右臂推进梁左转,
整车控制PCB,CAN1(执行器),右臂,三臂专属,0x1C1,发送至电脑,150ms,电 磁 阀 模 拟 量 信 号 监 控,B6-B7,,右臂推进梁右转,
整车控制PCB,CAN1(执行器),右臂,三臂专属,0x1C2,发送至电脑,150ms,电 磁 阀 模 拟 量 信 号 监 控,B0-B1,,右臂推进梁仰,
整车控制PCB,CAN1(执行器),右臂,三臂专属,0x1C2,发送至电脑,150ms,电 磁 阀 模 拟 量 信 号 监 控,B2-B3,,右臂推进梁俯,
整车控制PCB,CAN1(执行器),右臂,三臂专属,0x1C2,发送至电脑,150ms,电 磁 阀 模 拟 量 信 号 监 控,B4-B5,,右臂推进梁左摆,
整车控制PCB,CAN1(执行器),右臂,三臂专属,0x1C2,发送至电脑,150ms,电 磁 阀 模 拟 量 信 号 监 控,B6-B7,,右臂推进梁右摆,
整车控制PCB,CAN1(执行器),右臂,三臂专属,0x1C3,发送至电脑,150ms,电 磁 阀 模 拟 量 信 号 监 控,B0-B1,,右臂补偿伸,
整车控制PCB,CAN1(执行器),右臂,三臂专属,0x1C3,发送至电脑,150ms,电 磁 阀 模 拟 量 信 号 监 控,B2-B3,,右臂补偿缩,
整车控制PCB,CAN1(执行器),右臂,三臂专属,0x1C3,发送至电脑,150ms,电 磁 阀 模 拟 量 信 号 监 控,B4-B5,,右臂凿岩机左转,
整车控制PCB,CAN1(执行器),右臂,三臂专属,0x1C3,发送至电脑,150ms,电 磁 阀 模 拟 量 信 号 监 控,B6-B7,,右臂凿岩机右转,
整车控制PCB,CAN1(执行器),右臂,三臂专属,0x1C4,发送至电脑,150ms,电 磁 阀 模 拟 量 信 号 监 控,B0-B1,,右臂凿岩机前进,
整车控制PCB,CAN1(执行器),右臂,三臂专属,0x1C4,发送至电脑,150ms,电 磁 阀 模 拟 量 信 号 监 控,B2-B3,,右臂凿岩机后退,
整车控制PCB,CAN1(执行器),右臂,三臂专属,0x1C4,发送至电脑,150ms,电 磁 阀 模 拟 量 信 号 监 控,B4-B5,,右臂凿岩机冲击电流,
整车控制PCB,CAN1(执行器),右臂,三臂专属,0x1C4,发送至电脑,150ms,电 磁 阀 模 拟 量 信 号 监 控,B6-B7,,右臂推进调压电流,
整车控制PCB,CAN1(执行器),右臂,三臂专属,0x1C5,发送至电脑,150ms,,B0,b0,右左主反馈,
整车控制PCB,CAN1(执行器),右臂,三臂专属,0x1C5,发送至电脑,150ms,,B0,b1,右左角反馈,
整车控制PCB,CAN1(执行器),右臂,三臂专属,0x1C5,发送至电脑,150ms,,B0,b2,右左星反馈,
整车控制PCB,CAN1(执行器),右臂,三臂专属,0x1C5,发送至电脑,150ms,,B0,b3,右臂润滑压力值低,
整车控制PCB,CAN1(执行器),右臂,三臂专属,0x1C5,发送至电脑,150ms,,B0,b4,,
整车控制PCB,CAN1(执行器),右臂,三臂专属,0x1C5,发送至电脑,150ms,,B0,b5,,
整车控制PCB,CAN1(执行器),右臂,三臂专属,0x1C5,发送至电脑,150ms,,B0,b6,,
整车控制PCB,CAN1(执行器),右臂,三臂专属,0x1C6,发送至电脑,150ms,输入信号,B0-B1,,右臂推进压力,
整车控制PCB,CAN1(执行器),右臂,三臂专属,0x1C6,发送至电脑,150ms,输入信号,B2-B3,,右臂冲击压力,
整车控制PCB,CAN1(执行器),右臂,三臂专属,0x1C6,发送至电脑,150ms,输入信号,B4-B5,,右臂回转压力,
整车控制PCB,CAN1(执行器),右臂,三臂专属,0x1C6,发送至电脑,150ms,输入信号,B6-B7,,右臂臂架压力,
整车控制PCB,CAN1(执行器),右臂,三臂专属,0x1C7,发送至电脑,150ms,输入信号,B0-B1,,右臂补偿推进压力,
整车控制PCB,CAN1(执行器),右臂,三臂专属,0x1C7,发送至电脑,150ms,输入信号,B2-B3,,右臂水流量,
整车控制PCB,CAN1(执行器),右臂,三臂专属,0x1C7,发送至电脑,150ms,输入信号,B4-B5,,右臂润滑压力,
整车控制PCB,CAN1(执行器),右臂,三臂专属,0x1C7,发送至电脑,150ms,输入信号,B6-B7,,右臂缓冲压力,
整车控制PCB,CAN1(执行器),右臂,三臂专属,0x1C8,发送至电脑,150ms,输出信号,B0,b0,右主继电器,
整车控制PCB,CAN1(执行器),右臂,三臂专属,0x1C8,发送至电脑,150ms,输出信号,B0,b1,右角继电器,
整车控制PCB,CAN1(执行器),右臂,三臂专属,0x1C8,发送至电脑,150ms,输出信号,B0,b2,右气阀,
整车控制PCB,CAN1(执行器),右臂,三臂专属,0x1C8,发送至电脑,150ms,输出信号,B0,b3,右星继电器,
整车控制PCB,CAN1(执行器),右臂,三臂专属,0x1C8,发送至电脑,150ms,输出信号,B0,b4,右水阀,
整车控制PCB,CAN1(执行器),右臂,三臂专属,0x1C8,发送至电脑,150ms,输出信号,B0,b5,右冲击电磁阀,
整车控制PCB,CAN1(执行器),右臂,三臂专属,0x1C8,发送至电脑,150ms,输出信号,B0,b6,右润滑电磁阀,
整车控制PCB,CAN1(执行器),右臂,三臂专属,0x1C9,发送至电脑,150ms,输出信号,B0-B3,,右凿岩工作时间,
